id,company_id,year,net_profit_margin_pct,operating_profit_margin_pct,return_on_equity_pct,debt_to_equity,interest_coverage,asset_turnover,free_cash_flow_cr,capex_cr,earnings_per_share,book_value_per_share,dividend_payout_ratio_pct,total_debt_cr,cash_from_operations_cr,revenue_cagr_5yr,pat_cagr_5yr,eps_cagr_5yr,composite_quality_score,sales,net_profit,operating_profit,broad_sector
3674,DRREDDY,Mar 2014,14.63,24.23,24.96,0.57,26.94,0.84,366.0,11.96,23.0,369.0,16.0,4477.0,1970.0,12.26,21.88,21.67,3.0,13415.0,1963.0,3251.0,Healthcare
4286,SHREECEM,Mar 2021,17.23,30.17,15.18,0.14,18.0,0.63,1603.0,19.55,646.0,5787.0,9.0,2230.0,4254.0,9.0,2.34,2.42,3.0,13560.0,2337.0,4091.0,Materials
3675,DRREDDY,Mar 2015,15.55,23.35,23.71,0.44,34.89,0.81,154.0,15.78,27.0,369.0,15.0,4314.0,2524.0,12.26,21.88,21.67,3.0,15023.0,2336.0,3508.0,Healthcare
4424,TORNTPHARM,Mar 2017,16.06,23.68,21.47,0.58,7.77,0.61,211.0,13.72,28.0,222.0,25.0,2510.0,1009.0,7.32,12.68,12.89,3.0,5816.0,934.0,1377.0,Healthcare
3546,BPCL,Mar 2016,4.31,6.91,29.1,0.84,21.89,2.17,1886.0,4.92,19.0,178.0,25.0,23388.0,11119.0,9.38,30.23,35.52,3.0,187815.0,8089.0,12971.0,Energy
3497,BEL,Mar 2019,15.51,23.91,3851.02,0.96,186.38,96.54,618.0,7.37,3.0,24.0,44.0,47.0,1514.0,10.72,20.0,14.87,3.0,12164.0,1887.0,2909.0,Industrials
3498,BEL,Mar 2020,14.07,21.28,3318.18,0.8,357.25,106.3,1921.0,5.0,3.0,24.0,37.0,44.0,2570.0,10.72,20.0,14.87,3.0,12968.0,1825.0,2759.0,Industrials
3501,BEL,Mar 2023,16.84,23.06,3981.33,0.52,230.05,123.15,3907.0,15.27,4.0,24.0,44.0,39.0,1199.0,10.72,20.0,14.87,3.0,17734.0,2986.0,4090.0,Industrials
4377,TATASTEEL,Mar 2022,17.11,26.02,36.48,0.66,11.86,0.86,33476.0,4.47,33.0,72.0,16.0,75561.0,44381.0,9.59,16.57,14.87,3.0,243959.0,41749.0,63490.0,Materials
3978,JINDALSTEL,Mar 2022,13.22,30.32,18.99,0.38,7.24,0.67,13717.0,4.56,56.0,464.0,5.0,13502.0,16048.0,5.69,,,3.0,51166.0,6766.0,15515.0,Materials
4278,SHREECEM,Jun 2013,18.53,28.81,26.12,0.34,9.06,0.88,990.0,4.98,288.0,5787.0,7.0,1288.0,1260.0,9.0,2.34,2.42,3.0,5418.0,1004.0,1561.0,Materials
3554,BPCL,Mar 2024,5.99,9.84,35.51,0.72,11.36,2.21,25415.0,2.35,62.0,178.0,33.0,54599.0,35936.0,9.38,30.23,35.52,3.0,448083.0,26859.0,44082.0,Energy
3366,ADANIPOWER,Mar 2024,41.37,36.2,48.28,0.8,8.3,0.55,17651.0,6.91,54.0,145.0,0.0,34616.0,14170.0,15.6,,,3.0,50351.0,20829.0,18228.0,Energy
4279,SHREECEM,Jun 2014,13.77,24.32,16.71,0.25,11.58,0.78,167.0,21.59,226.0,5787.0,10.0,1200.0,1401.0,9.0,2.34,2.42,3.0,5715.0,787.0,1390.0,Materials
3676,DRREDDY,Mar 2016,13.69,23.03,16.95,0.27,46.75,0.77,1653.0,10.34,25.0,369.0,16.0,3352.0,3263.0,12.26,21.88,21.67,3.0,15568.0,2131.0,3585.0,Healthcare
3390,APOLLOHOSP,Mar 2022,7.56,14.93,19.7,0.72,6.75,1.11,949.0,5.09,73.0,522.0,16.0,4068.0,1696.0,12.72,23.16,19.97,3.0,14663.0,1108.0,2189.0,Healthcare
4343,TATAMOTORS,Mar 2014,6.03,14.97,21.42,0.92,7.31,1.07,8160.0,12.02,48.0,275.0,5.0,60642.0,36151.0,11.01,,,3.0,232834.0,14050.0,34853.0,Consumer Discretionary
4252,SBILIFE,Mar 2013,4.24,2.87,23.03,0.0,179.75,0.28,903.0,1.53,6.0,162.0,8.0,0.0,1130.0,24.32,11.14,11.38,3.0,14870.0,630.0,427.0,Financials
4316,SUNPHARMA,Mar 2013,31.17,42.98,23.14,0.02,109.16,0.55,982.0,21.34,14.0,288.0,9.0,260.0,3357.0,8.91,21.65,23.52,3.0,11131.0,3469.0,4784.0,Healthcare
4319,SUNPHARMA,Mar 2016,19.86,28.69,17.15,0.26,15.55,0.51,2737.0,13.86,19.0,288.0,5.0,8497.0,6686.0,8.91,21.65,23.52,3.0,28487.0,5658.0,8174.0,Healthcare
4170,ONGC,Mar 2022,10.03,16.26,19.0,0.47,15.22,0.84,37051.0,8.39,36.0,275.0,29.0,121986.0,78248.0,10.67,29.87,29.67,3.0,491246.0,49294.0,79874.0,Energy
4172,ONGC,Mar 2024,9.66,17.39,16.94,0.45,11.36,0.83,42060.0,9.67,39.0,275.0,31.0,153181.0,99263.0,10.67,29.87,29.67,3.0,591396.0,57101.0,102835.0,Energy
3683,DRREDDY,Mar 2023,18.27,26.23,19.35,0.06,52.03,0.77,1779.0,16.66,54.0,369.0,15.0,1347.0,5888.0,12.26,21.88,21.67,3.0,24670.0,4507.0,6470.0,Healthcare
3764,HCLTECH,Jun 2013,15.79,22.2,30.69,0.08,56.72,1.14,2131.0,9.23,14.0,254.0,21.0,1044.0,4492.0,10.29,9.09,8.97,3.0,25581.0,4040.0,5680.0,Information Technology
3765,HCLTECH,Jun 2014,20.31,25.0,33.39,0.05,76.42,1.07,1615.0,15.06,23.0,254.0,11.0,1018.0,6457.0,10.29,9.09,8.97,3.0,32144.0,6528.0,8035.0,Information Technology
3766,HCLTECH,Jun 2015,20.0,23.12,30.31,0.03,105.63,1.04,3451.0,5.69,26.0,254.0,58.0,648.0,5539.0,10.29,9.09,8.97,3.0,36701.0,7342.0,8486.0,Information Technology
3768,HCLTECH,Mar 2017,18.09,21.84,26.12,0.02,128.75,1.04,5105.0,8.18,30.0,254.0,40.0,582.0,8995.0,10.29,9.09,8.97,3.0,47568.0,8606.0,10390.0,Information Technology
3772,HCLTECH,Mar 2021,14.82,26.6,18.64,0.11,41.05,0.88,13953.0,7.52,41.0,254.0,24.0,6864.0,19618.0,10.29,9.09,8.97,3.0,75379.0,11169.0,20048.0,Information Technology
3773,HCLTECH,Mar 2022,15.79,23.97,21.84,0.1,67.7,0.96,18497.0,1.86,50.0,254.0,84.0,6343.0,16900.0,10.29,9.09,8.97,3.0,85651.0,13523.0,20529.0,Information Technology
3774,HCLTECH,Mar 2023,14.63,22.3,22.7,0.07,67.95,1.09,14436.0,3.52,55.0,254.0,88.0,4794.0,18009.0,10.29,9.09,8.97,3.0,101456.0,14845.0,22628.0,Information Technology
3792,HDFCLIFE,Mar 2015,2.89,96.79,30.93,0.0,333.47,0.39,945.0,12.91,4.0,73.0,18.0,0.0,4459.0,27.96,6.14,5.92,3.0,27215.0,786.0,26341.0,Financials
3742,HAL,Mar 2017,14.57,18.03,1966.92,0.02,267.5,105.59,2598.0,16.83,36.0,465.0,31.0,2.0,-423.0,7.76,24.41,24.77,3.0,17950.0,2616.0,3236.0,Industrials
3745,HAL,Mar 2020,13.25,22.76,2059.42,0.01,14.75,123.96,203.0,6.22,42.0,465.0,39.0,2.0,1537.0,7.76,24.41,24.77,3.0,21445.0,2842.0,4880.0,Industrials
3824,HINDALCO,Mar 2022,7.04,85.47,17.56,0.82,133.06,0.88,10065.0,3.47,61.0,153.0,6.0,64486.0,16838.0,13.65,27.09,26.93,3.0,195059.0,13730.0,166712.0,Materials
4053,LT,Mar 2022,6.66,15.53,72.92,0.02,2.89,7.61,15579.0,2.29,62.0,635.0,36.0,258.0,19164.0,10.43,8.19,7.58,3.0,156521.0,10419.0,24314.0,Industrials
4085,MARUTI,Mar 2015,7.5,13.57,15.66,0.03,35.36,1.47,1958.0,8.84,126.0,2835.0,20.0,666.0,6449.0,13.93,19.82,18.86,3.0,50801.0,3809.0,6892.0,Consumer Discretionary
4086,MARUTI,Mar 2016,9.55,15.67,17.95,0.01,127.9,1.35,1252.0,12.55,182.0,2835.0,19.0,231.0,8482.0,13.93,19.82,18.86,3.0,57589.0,5497.0,9024.0,Consumer Discretionary
4088,MARUTI,Mar 2018,9.87,15.18,18.52,0.0,41.25,1.32,3486.0,10.4,261.0,2835.0,31.0,121.0,11788.0,13.93,19.82,18.86,3.0,79809.0,7881.0,12118.0,Consumer Discretionary
4094,MARUTI,Mar 2024,9.51,13.13,15.75,0.0,117.91,1.23,4936.0,8.36,429.0,2835.0,29.0,119.0,16801.0,13.93,19.82,18.86,3.0,141858.0,13488.0,18626.0,Consumer Discretionary
3923,IOC,Mar 2017,5.74,9.61,19.97,0.62,10.29,1.3,10532.0,4.98,14.0,129.0,45.0,63271.0,28216.0,9.5,,,3.0,355379.0,20385.0,34149.0,Energy
3924,IOC,Mar 2018,5.37,9.88,19.87,0.58,11.87,1.42,11996.0,4.06,15.0,129.0,90.0,65650.0,29115.0,9.5,,,3.0,421492.0,22626.0,41658.0,Energy
3928,IOC,Mar 2022,4.37,8.1,19.27,0.99,9.55,1.43,4453.0,3.61,18.0,129.0,46.0,132020.0,25747.0,9.5,,,3.0,589321.0,25727.0,47758.0,Energy
3930,IOC,Mar 2024,5.56,9.74,23.53,0.72,10.28,1.61,39635.0,4.05,30.0,129.0,40.0,132628.0,71099.0,9.5,,,3.0,776352.0,43161.0,75646.0,Energy
4421,TORNTPHARM,Mar 2014,15.92,22.89,34.89,0.59,16.76,0.83,181.0,10.02,20.0,222.0,25.0,1132.0,599.0,7.32,12.68,12.89,3.0,4172.0,664.0,955.0,Healthcare
4428,TORNTPHARM,Mar 2021,15.64,30.98,21.45,0.83,7.19,0.57,1561.0,5.55,37.0,222.0,47.0,4874.0,2005.0,7.32,12.68,12.89,3.0,8005.0,1252.0,2480.0,Healthcare
4431,TORNTPHARM,Mar 2024,15.44,31.39,24.15,0.59,9.93,0.74,3106.0,1.49,49.0,222.0,57.0,4022.0,3266.0,7.32,12.68,12.89,3.0,10728.0,1656.0,3368.0,Healthcare
4026,LICI,Mar 2021,0.43,-0.04,43.2,0.0,,0.18,229049.0,21.49,7.0,154.0,0.0,4.0,80602.0,7.37,72.56,,3.0,690914.0,2974.0,-252.0,Financials
4052,LT,Mar 2021,9.5,17.25,176.9,0.11,2.69,12.7,17324.0,4.23,82.0,635.0,44.0,798.0,23074.0,10.43,8.19,7.58,3.0,135979.0,12921.0,23460.0,Industrials
3353,ADANIPORTS,Mar 2024,30.34,58.36,15.35,0.94,5.95,0.23,8250.0,25.34,38.0,265.0,16.0,49470.0,15018.0,19.09,20.82,18.82,3.0,26711.0,8104.0,15589.0,Industrials
4394,TECHM,Mar 2013,19.02,20.69,24.09,0.25,12.44,0.77,233.0,9.05,25.0,270.0,5.0,1380.0,855.0,7.32,-0.63,-1.98,3.0,6873.0,1307.0,1422.0,Information Technology
4395,TECHM,Mar 2014,16.29,22.19,33.35,0.04,55.2,1.18,1887.0,1.55,32.0,270.0,15.0,363.0,1596.0,7.32,-0.63,-1.98,3.0,18802.0,3062.0,4172.0,Information Technology
4400,TECHM,Mar 2019,12.35,18.05,21.14,0.1,51.17,1.04,2328.0,6.06,44.0,270.0,29.0,1996.0,4432.0,7.32,-0.63,-1.98,3.0,34742.0,4289.0,6271.0,Information Technology
4402,TECHM,Mar 2021,11.5,17.95,17.51,0.12,43.59,0.96,2661.0,14.35,46.0,270.0,89.0,2901.0,8094.0,7.32,-0.63,-1.98,3.0,37855.0,4353.0,6796.0,Information Technology
4403,TECHM,Mar 2022,12.61,17.96,20.94,0.1,56.04,1.01,5765.0,1.08,57.0,270.0,47.0,2618.0,5285.0,7.32,-0.63,-1.98,3.0,44646.0,5630.0,8020.0,Information Technology
3436,BAJAJ-AUTO,Mar 2021,17.51,17.8,17.81,0.0,929.71,0.83,251.0,10.34,168.0,1109.0,83.0,121.0,3120.0,10.32,7.18,7.88,2.0,27741.0,4857.0,4938.0,Consumer Discretionary
3454,BAJAJHLDNG,Mar 2013,550.74,95.55,17.94,0.0,,0.03,104.0,109.5,167.0,5375.0,15.0,0.0,473.0,31.84,19.44,19.88,2.0,337.0,1856.0,322.0,Financials
3491,BEL,Mar 2013,14.52,10.66,15183.33,4.0,184.43,139.4,214.0,27.95,1.0,24.0,20.0,24.0,-1539.0,10.72,20.0,14.87,2.0,6273.0,911.0,669.0,Industrials
3492,BEL,Mar 2014,14.61,14.19,13600.0,3.0,194.71,141.7,190.0,11.64,1.0,24.0,20.0,21.0,-569.0,10.72,20.0,14.87,2.0,6518.0,952.0,925.0,Industrials
3494,BEL,Mar 2016,18.18,18.94,11141.67,2.08,196.6,141.42,790.0,19.99,2.0,24.0,31.0,25.0,2260.0,10.72,20.0,14.87,2.0,7354.0,1337.0,1393.0,Industrials
3495,BEL,Mar 2017,17.59,20.7,10153.33,1.93,122.89,112.42,3054.0,35.99,2.0,24.0,33.0,29.0,-61.0,10.72,20.0,14.87,2.0,8656.0,1523.0,1792.0,Industrials
4287,SHREECEM,Mar 2022,8.45,24.72,7.27,0.12,16.17,0.63,525.0,14.28,352.0,5787.0,14.0,2129.0,2668.0,9.0,2.34,2.42,2.0,15010.0,1269.0,3710.0,Materials
4289,SHREECEM,Mar 2024,8.45,22.02,8.37,0.08,19.83,0.73,1929.0,6.91,480.0,5787.0,16.0,1656.0,3347.0,9.0,2.34,2.42,2.0,20521.0,1733.0,4518.0,Materials
3517,BHEL,Mar 2013,13.69,19.39,21.91,0.09,82.93,0.68,646.0,2.28,18.0,70.0,20.0,2698.0,1759.0,3.78,,,2.0,48903.0,6693.0,9483.0,Industrials
3530,BOSCHLTD,Dec 2012,11.06,15.59,17.19,0.04,286.5,1.1,47.0,9.52,305.0,4319.0,20.0,230.0,871.0,11.75,26.24,26.3,2.0,8659.0,958.0,1350.0,Consumer Discretionary
3532,BOSCHLTD,Mar 2015,11.07,16.39,18.21,0.02,179.86,1.16,213.0,9.79,426.0,4319.0,20.0,111.0,1396.0,11.75,26.24,26.3,2.0,12086.0,1338.0,1981.0,Consumer Discretionary
3533,BOSCHLTD,Mar 2016,15.78,19.36,16.06,0.01,192.38,0.78,323.0,10.26,488.0,4319.0,17.0,50.0,1318.0,11.75,26.24,26.3,2.0,9701.0,1531.0,1878.0,Consumer Discretionary
4304,SIEMENS,Sep 2011,7.26,9.8,22.75,0.0,56.54,1.18,267.0,2.21,,431.0,24.0,0.0,3.0,11.19,19.85,19.64,2.0,11955.0,868.0,1171.0,Industrials
4322,SUNPHARMA,Mar 2019,11.04,21.94,7.75,0.25,11.03,0.45,1886.0,1.07,11.0,288.0,25.0,10514.0,2196.0,8.91,21.65,23.52,2.0,29066.0,3208.0,6377.0,Healthcare
4323,SUNPHARMA,Mar 2020,12.7,21.26,9.22,0.18,24.31,0.48,4330.0,6.78,16.0,288.0,25.0,8315.0,6555.0,8.91,21.65,23.52,2.0,32838.0,4172.0,6983.0,Healthcare
4324,SUNPHARMA,Mar 2021,6.78,25.29,4.89,0.08,35.61,0.5,6577.0,1.21,12.0,288.0,62.0,3869.0,6170.0,8.91,21.65,23.52,2.0,33498.0,2272.0,8470.0,Healthcare
3544,BPCL,Mar 2014,1.53,3.56,20.85,1.71,5.43,2.99,2707.0,2.6,9.0,178.0,31.0,33152.0,9588.0,9.38,30.23,35.52,2.0,264421.0,4053.0,9414.0,Energy
3545,BPCL,Mar 2015,2.09,4.03,22.52,1.13,10.08,2.81,10206.0,4.34,11.0,178.0,34.0,25492.0,20742.0,9.38,30.23,35.52,2.0,242598.0,5082.0,9780.0,Energy
3551,BPCL,Mar 2021,7.52,9.12,32.34,1.02,16.54,1.43,20981.0,1.07,37.0,178.0,102.0,54532.0,23455.0,9.38,30.23,35.52,2.0,230171.0,17320.0,21001.0,Energy
3556,BRITANNIA,Mar 2013,4.2,6.81,46.59,0.68,11.54,3.28,348.0,0.45,11.0,133.0,39.0,380.0,320.0,8.25,8.84,8.94,2.0,6185.0,260.0,421.0,Consumer Staples
3557,BRITANNIA,Mar 2014,5.71,9.07,49.5,0.19,82.62,3.28,425.0,3.56,16.0,133.0,36.0,150.0,671.0,8.25,8.84,8.94,2.0,6913.0,395.0,627.0,Consumer Staples
3558,BRITANNIA,Mar 2015,8.77,11.07,55.34,0.12,274.5,2.81,134.0,5.73,29.0,133.0,28.0,145.0,584.0,8.25,8.84,8.94,2.0,7858.0,689.0,870.0,Consumer Staples
3559,BRITANNIA,Mar 2016,9.82,14.58,39.44,0.06,267.8,2.4,254.0,8.4,34.0,133.0,29.0,131.0,959.0,8.25,8.84,8.94,2.0,8397.0,825.0,1224.0,Consumer Staples
3560,BRITANNIA,Mar 2017,9.77,14.12,32.83,0.05,285.8,2.2,291.0,1.66,37.0,133.0,30.0,125.0,441.0,8.25,8.84,8.94,2.0,9054.0,885.0,1278.0,Consumer Staples
3562,BRITANNIA,Mar 2019,10.45,15.67,27.16,0.04,215.33,1.77,304.0,7.71,48.0,133.0,31.0,156.0,1156.0,8.25,8.84,8.94,2.0,11055.0,1155.0,1732.0,Consumer Staples
3566,BRITANNIA,Mar 2023,14.21,17.37,65.53,0.85,20.28,1.74,1019.0,9.24,96.0,133.0,75.0,2997.0,2526.0,8.25,8.84,8.94,2.0,16301.0,2316.0,2831.0,Consumer Staples
3567,BRITANNIA,Mar 2024,12.73,18.89,54.15,0.52,20.6,1.85,3050.0,2.84,89.0,133.0,83.0,2065.0,2573.0,8.25,8.84,8.94,2.0,16769.0,2134.0,3167.0,Consumer Staples
4280,SHREECEM,Jun 2015,6.81,21.47,8.07,0.17,11.95,0.78,249.0,15.82,122.0,5787.0,20.0,917.0,1239.0,9.0,2.34,2.42,2.0,6259.0,426.0,1344.0,Materials
4223,POWERGRID,Mar 2023,33.81,86.78,18.57,1.55,4.22,0.18,33065.0,15.65,17.0,99.0,67.0,128584.0,40203.0,3.95,7.28,7.21,2.0,45603.0,15420.0,39576.0,Energy
4224,POWERGRID,Mar 2024,33.97,86.87,17.87,1.42,4.6,0.18,24176.0,28.61,17.0,99.0,67.0,123516.0,37290.0,3.95,7.28,7.21,2.0,45843.0,15573.0,39826.0,Energy
4239,RELIANCE,Mar 2013,5.27,8.37,11.47,0.59,11.81,1.09,9317.0,6.97,15.0,606.0,13.0,107219.0,36918.0,9.51,14.92,11.95,2.0,395957.0,20886.0,33155.0,Energy
4244,RELIANCE,Mar 2018,9.23,16.46,12.29,0.82,9.21,0.48,3267.0,17.45,27.0,606.0,10.0,239843.0,71459.0,9.51,14.92,11.95,2.0,390823.0,36080.0,64315.0,Energy
4246,RELIANCE,Mar 2020,6.68,14.96,8.88,0.79,4.44,0.51,22380.0,12.15,29.0,606.0,10.0,355133.0,94877.0,9.51,14.92,11.95,2.0,596679.0,39880.0,89266.0,Energy
4248,RELIANCE,Mar 2022,9.77,15.63,8.7,0.41,8.79,0.46,1492.0,15.71,45.0,606.0,9.0,319158.0,110654.0,9.51,14.92,11.95,2.0,694673.0,67845.0,108581.0,Energy
4250,RELIANCE,Mar 2024,8.79,18.07,9.96,0.58,7.73,0.51,45207.0,12.63,51.0,606.0,10.0,458991.0,158788.0,9.51,14.92,11.95,2.0,899041.0,79020.0,162498.0,Energy
3580,CANBK,Mar 2024,13.94,41.75,16.72,14.87,1.61,0.07,13296.0,1.58,17.0,102.0,19.0,1369780.0,15046.0,19.13,,,2.0,110519.0,15401.0,46146.0,Financials
3606,CIPLA,Mar 2024,16.12,75.59,15.55,0.02,35.34,0.79,1152.0,11.57,51.0,351.0,25.0,559.0,4134.0,9.51,27.16,26.69,2.0,25774.0,4154.0,19483.0,Healthcare
3608,COALINDIA,Mar 2013,25.41,73.52,35.81,0.03,5.74,0.62,7276.0,2.68,27.0,156.0,51.0,1305.0,9109.0,7.87,15.52,15.71,2.0,68303.0,17356.0,50216.0,Materials
3609,COALINDIA,Mar 2014,21.4,74.84,35.64,0.0,7.37,0.67,23105.0,12.15,24.0,156.0,121.0,178.0,14525.0,7.87,15.52,15.71,2.0,70608.0,15112.0,52842.0,Materials
3613,COALINDIA,Mar 2018,8.26,89.1,34.88,0.08,15.27,0.68,13368.0,9.09,11.0,156.0,146.0,1538.0,21115.0,7.87,15.52,15.71,2.0,85244.0,7038.0,75956.0,Materials
3616,COALINDIA,Mar 2021,14.11,79.31,34.78,0.16,19.09,0.56,10774.0,0.2,21.0,156.0,78.0,5884.0,10592.0,7.87,15.52,15.71,2.0,90026.0,12702.0,71398.0,Materials
3617,COALINDIA,Mar 2022,15.84,77.47,40.28,0.08,21.99,0.61,15392.0,23.44,28.0,156.0,60.0,3514.0,41107.0,7.87,15.52,15.71,2.0,109715.0,17378.0,84995.0,Materials
3534,BOSCHLTD,Mar 2017,16.68,18.81,19.79,0.0,106.48,0.88,2703.0,11.94,570.0,4319.0,29.0,0.0,1457.0,11.75,26.24,26.3,2.0,10435.0,1741.0,1963.0,Consumer Discretionary
3627,DABUR,Mar 2019,16.98,20.43,25.67,0.12,32.7,1.01,1837.0,3.97,8.0,59.0,34.0,699.0,1499.0,7.46,3.98,4.56,2.0,8515.0,1446.0,1740.0,Consumer Staples
3628,DABUR,Mar 2020,16.67,20.63,21.92,0.08,39.94,0.93,1097.0,5.95,8.0,59.0,37.0,522.0,1614.0,7.46,3.98,4.56,2.0,8685.0,1448.0,1792.0,Consumer Staples
3629,DABUR,Mar 2021,17.73,20.94,22.12,0.07,75.06,0.88,711.0,14.68,10.0,59.0,50.0,509.0,2115.0,7.46,3.98,4.56,2.0,9562.0,1695.0,2002.0,Consumer Staples
3634,DIVISLAB,Mar 2013,28.07,38.04,24.07,0.01,287.0,0.68,225.0,11.89,23.0,517.0,33.0,33.0,480.0,9.81,5.92,5.82,2.0,2145.0,602.0,816.0,Healthcare
3641,DIVISLAB,Mar 2020,25.53,33.85,18.84,0.01,287.43,0.63,1133.0,1.54,52.0,517.0,31.0,39.0,1216.0,9.81,5.92,5.82,2.0,5394.0,1377.0,1826.0,Healthcare
3642,DIVISLAB,Mar 2021,28.47,41.14,21.34,0.0,1462.0,0.65,2022.0,1.08,75.0,517.0,27.0,5.0,1947.0,9.81,5.92,5.82,2.0,6969.0,1984.0,2867.0,Healthcare
3648,DLF,Mar 2014,7.11,30.04,2.15,0.88,1.47,0.13,5392.0,47.29,4.0,163.0,55.0,24133.0,1468.0,2.85,,,2.0,8298.0,590.0,2493.0,Real Estate
3653,DLF,Mar 2019,15.71,25.68,3.91,0.51,1.42,0.13,2046.0,0.04,6.0,163.0,33.0,17222.0,2043.0,2.85,,,2.0,8366.0,1314.0,2148.0,Real Estate
3654,DLF,Mar 2020,-9.7,18.84,-1.71,0.24,1.6,0.11,6864.0,106.99,-2.0,163.0,-85.0,8103.0,356.0,2.85,,,2.0,6083.0,-590.0,1146.0,Real Estate
4204,PNB,Mar 2017,2.58,,22.21,6.36,,1.12,22097.0,0.33,6.0,110.0,0.0,35497.0,21938.0,16.16,97.39,67.03,2.0,48058.0,1239.0,,Financials
4209,PNB,Mar 2022,5.13,,39.87,5.4,,1.16,18828.0,1.58,4.0,110.0,18.0,52961.0,20032.0,16.16,97.39,67.03,2.0,76242.0,3908.0,,Financials
4210,PNB,Mar 2023,3.87,,30.67,4.9,,1.3,21860.0,0.84,3.0,110.0,21.0,53621.0,22592.0,16.16,97.39,67.03,2.0,86845.0,3359.0,,Financials
4219,POWERGRID,Mar 2019,28.62,76.78,16.98,2.48,3.25,0.14,4544.0,53.42,11.0,99.0,43.0,146376.0,23271.0,3.95,7.28,7.21,2.0,35059.0,10034.0,26920.0,Energy
4220,POWERGRID,Mar 2020,29.3,87.13,17.09,2.29,3.75,0.15,20006.0,28.44,12.0,99.0,47.0,148270.0,30739.0,3.95,7.28,7.21,2.0,37744.0,11059.0,32886.0,Energy
4221,POWERGRID,Mar 2021,30.36,88.06,17.21,2.05,4.39,0.16,20159.0,23.32,13.0,99.0,52.0,143232.0,29403.0,3.95,7.28,7.21,2.0,39640.0,12036.0,34906.0,Energy
4222,POWERGRID,Mar 2022,40.42,86.07,22.07,1.77,5.04,0.17,26877.0,1.81,18.0,99.0,61.0,134696.0,26124.0,3.95,7.28,7.21,2.0,41622.0,16824.0,35826.0,Energy
3656,DLF,Mar 2022,26.24,30.49,4.13,0.12,3.1,0.11,3099.0,4.67,6.0,163.0,49.0,4182.0,2832.0,2.85,,,2.0,5717.0,1500.0,1743.0,Real Estate
3657,DLF,Mar 2023,35.72,30.31,5.4,0.09,5.21,0.11,1914.0,8.09,8.0,163.0,49.0,3334.0,2375.0,2.85,,,2.0,5695.0,2034.0,1726.0,Real Estate
3665,DMART,Mar 2018,5.36,9.0,17.26,0.09,24.02,2.66,1194.0,3.09,13.0,309.0,0.0,439.0,730.0,18.13,15.89,16.0,2.0,15033.0,806.0,1353.0,Consumer Discretionary
3679,DRREDDY,Mar 2019,12.62,20.57,13.9,0.27,39.99,0.69,2101.0,4.98,23.0,369.0,17.0,3838.0,2870.0,12.26,21.88,21.67,2.0,15448.0,1950.0,3178.0,Healthcare
3680,DRREDDY,Mar 2020,11.57,14.14,12.99,0.14,32.11,0.75,2489.0,2.83,24.0,369.0,21.0,2210.0,2984.0,12.26,21.88,21.67,2.0,17517.0,2026.0,2477.0,Healthcare
3689,EICHERMOT,Mar 2016,21.68,27.38,36.63,0.01,1008.0,1.25,462.0,16.22,49.0,693.0,20.0,23.0,1463.0,13.3,18.49,18.42,2.0,6173.0,1338.0,1690.0,Consumer Discretionary
3618,COALINDIA,Mar 2023,22.95,68.01,52.14,0.07,14.34,0.62,12269.0,16.97,52.0,156.0,47.0,4331.0,35734.0,7.87,15.52,15.71,2.0,138252.0,31723.0,94020.0,Materials
3621,DABUR,Mar 2013,12.48,16.16,36.56,0.55,18.51,1.3,248.0,10.13,4.0,59.0,34.0,1151.0,870.0,7.46,3.98,4.56,2.0,6140.0,766.0,992.0,Consumer Staples
3622,DABUR,Mar 2014,12.98,16.46,34.49,0.27,23.85,1.33,994.0,1.47,5.0,59.0,33.0,708.0,1098.0,7.46,3.98,4.56,2.0,7058.0,916.0,1162.0,Consumer Staples
3623,DABUR,Mar 2015,13.7,16.93,31.84,0.22,36.85,1.28,171.0,11.24,6.0,59.0,33.0,734.0,1047.0,7.46,3.98,4.56,2.0,7795.0,1068.0,1320.0,Consumer Staples
3624,DABUR,Mar 2016,16.12,19.51,30.06,0.19,36.15,1.12,457.0,9.38,7.0,59.0,32.0,805.0,1187.0,7.46,3.98,4.56,2.0,7780.0,1254.0,1518.0,Consumer Staples
3626,DABUR,Mar 2018,17.59,20.94,23.8,0.16,36.0,0.89,551.0,7.01,8.0,59.0,81.0,938.0,1092.0,7.46,3.98,4.56,2.0,7722.0,1358.0,1617.0,Consumer Staples
4169,ONGC,Mar 2021,7.03,16.28,9.67,0.6,11.96,0.56,8044.0,12.88,13.0,275.0,28.0,133187.0,47185.0,10.67,29.87,29.67,2.0,303849.0,21360.0,49473.0,Energy
4187,PIDILITIND,Mar 2013,11.53,15.17,25.68,0.07,41.56,1.41,328.0,3.92,8.0,171.0,31.0,111.0,472.0,12.08,11.95,11.55,2.0,3678.0,424.0,558.0,Materials
4188,PIDILITIND,Mar 2014,10.51,15.69,23.05,0.02,44.38,1.46,295.0,2.31,9.0,171.0,31.0,46.0,394.0,12.08,11.95,11.55,2.0,4283.0,450.0,672.0,Materials
4197,PIDILITIND,Mar 2023,10.92,16.83,17.87,0.05,42.52,1.12,659.0,7.62,25.0,171.0,44.0,391.0,1558.0,12.08,11.95,11.55,2.0,11799.0,1289.0,1986.0,Materials
4201,PNB,Mar 2014,8.17,,393.36,10.82,,3.9,16604.0,0.67,20.0,110.0,10.0,10108.0,16906.0,16.16,97.39,67.03,2.0,44958.0,3674.0,,Financials
4202,PNB,Mar 2015,7.24,,223.24,10.44,,2.56,3942.0,1.79,18.0,110.0,18.0,16481.0,4814.0,16.16,97.39,67.03,2.0,48710.0,3525.0,,Financials
3708,GAIL,Mar 2022,13.26,16.34,19.19,0.14,89.53,0.96,3930.0,5.92,18.0,127.0,36.0,9216.0,9420.0,13.41,3.94,5.15,2.0,92770.0,12304.0,15161.0,Energy
3713,GODREJCP,Mar 2014,10.78,15.38,21.7,0.63,10.26,0.91,622.0,6.5,7.0,119.0,24.0,2373.0,1116.0,7.38,,,2.0,7599.0,819.0,1169.0,Consumer Staples
3717,GODREJCP,Mar 2018,16.59,21.16,26.11,0.56,13.68,0.71,1387.0,3.41,16.0,119.0,42.0,3508.0,1723.0,7.38,,,2.0,9847.0,1634.0,2084.0,Consumer Staples
3718,GODREJCP,Mar 2019,22.71,20.67,32.23,0.47,10.48,0.73,2003.0,2.66,23.0,119.0,44.0,3382.0,1729.0,7.38,,,2.0,10314.0,2342.0,2132.0,Consumer Staples
3719,GODREJCP,Mar 2020,15.1,21.73,18.95,0.45,9.59,0.67,1036.0,5.57,15.0,119.0,55.0,3575.0,1588.0,7.38,,,2.0,9911.0,1497.0,2154.0,Consumer Staples
3720,GODREJCP,Mar 2021,15.6,21.75,18.23,0.2,17.55,0.77,1738.0,2.65,17.0,119.0,0.0,1864.0,2030.0,7.38,,,2.0,11029.0,1721.0,2399.0,Consumer Staples
3721,GODREJCP,Mar 2022,14.52,19.62,15.43,0.15,20.39,0.76,607.0,6.88,17.0,119.0,0.0,1704.0,1451.0,7.38,,,2.0,12276.0,1783.0,2409.0,Consumer Staples
3655,DLF,Mar 2021,20.0,27.13,3.06,0.19,2.17,0.1,1610.0,2.77,4.0,163.0,45.0,6886.0,1460.0,2.85,,,2.0,5414.0,1083.0,1469.0,Real Estate
3751,HAVELLS,Mar 2013,8.14,9.45,40.29,0.68,7.28,1.6,494.0,2.02,9.0,124.0,16.0,982.0,638.0,16.98,13.75,12.89,2.0,7135.0,581.0,674.0,Industrials
3752,HAVELLS,Mar 2014,5.54,9.65,26.77,0.63,7.96,1.51,492.0,4.67,7.0,124.0,42.0,1054.0,868.0,16.98,13.75,12.89,2.0,8051.0,446.0,777.0,Industrials
3753,HAVELLS,Mar 2015,4.55,8.92,21.18,0.23,8.36,1.77,478.0,5.73,6.0,124.0,49.0,424.0,963.0,16.98,13.75,12.89,2.0,8468.0,385.0,755.0,Industrials
3754,HAVELLS,Mar 2016,17.12,10.48,42.95,0.04,19.18,1.73,392.0,1.59,21.0,124.0,29.0,134.0,513.0,16.98,13.75,12.89,2.0,7594.0,1300.0,796.0,Industrials
3756,HAVELLS,Mar 2018,8.14,12.73,17.72,0.03,45.2,1.23,154.0,11.66,11.0,124.0,4.0,115.0,1100.0,16.98,13.75,12.89,2.0,8116.0,661.0,1033.0,Industrials
3757,HAVELLS,Mar 2019,7.82,11.8,18.77,0.02,82.06,1.41,686.0,1.84,13.0,124.0,36.0,94.0,501.0,16.98,13.75,12.89,2.0,10073.0,788.0,1189.0,Industrials
3761,HAVELLS,Mar 2023,6.34,9.59,16.18,0.03,32.71,1.52,596.0,0.18,17.0,124.0,44.0,223.0,565.0,16.98,13.75,12.89,2.0,16911.0,1072.0,1621.0,Industrials
3303,ABB,Mar 2021,16.03,21.39,26.56,0.06,55.72,1.12,655.0,1.67,325.0,1657.0,85.0,153.0,727.0,8.19,16.73,16.74,2.0,4310.0,691.0,922.0,Industrials
3304,ABB,Mar 2022,16.26,22.02,28.33,0.05,61.32,1.16,552.0,8.06,376.0,1657.0,73.0,152.0,948.0,8.19,16.73,16.74,2.0,4913.0,799.0,1082.0,Industrials
3305,ABB,Mar 2023,17.74,22.55,29.77,0.04,85.0,1.17,745.0,2.77,447.0,1657.0,73.0,113.0,893.0,8.19,16.73,16.74,2.0,5349.0,949.0,1206.0,Industrials
3306,ABB,Mar 2024,20.53,24.84,32.47,0.02,141.75,1.13,797.0,7.11,565.0,1657.0,73.0,83.0,1213.0,8.19,16.73,16.74,2.0,5849.0,1201.0,1453.0,Industrials
4447,TVSMOTOR,Mar 2014,2.23,5.87,16.11,0.63,6.7,2.31,235.0,2.8,4.0,,37.0,728.0,470.0,17.87,26.48,26.43,2.0,8384.0,187.0,492.0,Consumer Discretionary
4143,NHPC,Mar 2021,37.31,54.7,10.89,0.71,11.03,0.13,3463.0,16.66,3.0,40.0,49.0,23365.0,5070.0,-0.64,0.43,0.0,2.0,9648.0,3600.0,5277.0,Energy
4149,NTPC,Mar 2014,14.56,25.18,13.06,0.93,6.9,0.39,1022.0,19.8,12.0,174.0,42.0,81455.0,16531.0,11.17,13.63,13.9,2.0,78330.0,11403.0,19727.0,Energy
4163,ONGC,Mar 2015,11.0,26.29,9.81,0.3,16.85,0.48,3892.0,18.68,14.0,275.0,44.0,53944.0,33950.0,10.67,29.87,29.67,2.0,160923.0,17703.0,42312.0,Energy
4164,ONGC,Mar 2016,10.56,31.55,6.62,0.23,10.67,0.36,8036.0,30.84,10.0,275.0,56.0,45500.0,46292.0,10.67,29.87,29.67,2.0,124036.0,13102.0,39135.0,Energy
4133,NESTLEIND,Mar 2024,16.12,23.83,117.75,0.1,41.19,2.32,2938.0,5.07,41.0,41.0,79.0,345.0,4175.0,8.19,9.8,9.1,2.0,24394.0,3933.0,5813.0,Consumer Staples
4135,NHPC,Mar 2013,45.02,65.07,9.64,0.68,9.41,0.1,1516.0,20.84,2.0,40.0,28.0,20340.0,2846.0,-0.64,0.43,0.0,2.0,6381.0,2873.0,4152.0,Energy
4137,NHPC,Mar 2015,34.03,62.45,9.1,0.67,5.19,0.13,3293.0,9.34,2.0,40.0,27.0,20584.0,4061.0,-0.64,0.43,0.0,2.0,8221.0,2798.0,5134.0,Energy
4138,NHPC,Mar 2016,28.31,57.25,7.47,0.63,5.14,0.13,5225.0,8.93,2.0,40.0,81.0,19938.0,5971.0,-0.64,0.43,0.0,2.0,8354.0,2365.0,4783.0,Energy
4140,NHPC,Mar 2018,35.91,54.78,9.27,0.62,5.88,0.12,3810.0,11.42,2.0,40.0,57.0,18602.0,4696.0,-0.64,0.43,0.0,2.0,7755.0,2785.0,4248.0,Energy
4444,TRENT,Mar 2024,11.94,15.93,36.31,0.43,8.04,1.73,841.0,4.11,42.0,132.0,8.0,1753.0,1349.0,33.94,76.37,76.23,2.0,12375.0,1477.0,1971.0,Consumer Discretionary
4384,TCS,Mar 2016,22.4,28.24,34.24,0.0,1023.06,1.23,14099.0,4.61,62.0,281.0,35.0,245.0,19109.0,9.94,8.6,9.44,2.0,108646.0,24338.0,30677.0,Information Technology
4381,TCS,Mar 2013,22.35,28.64,36.52,0.01,400.38,1.21,5577.0,9.59,36.0,281.0,31.0,332.0,11615.0,9.94,8.6,9.44,2.0,62989.0,14076.0,18040.0,Information Technology
3799,HDFCLIFE,Mar 2022,1.98,98.84,8.5,0.04,86.62,0.29,5142.0,1.19,6.0,73.0,27.0,600.0,5943.0,27.96,6.14,5.92,2.0,67126.0,1327.0,66348.0,Financials
3803,HEROMOTOCO,Mar 2014,8.32,85.94,37.38,0.05,50.55,2.5,1347.0,6.39,105.0,951.0,62.0,284.0,2963.0,6.51,2.47,2.61,2.0,25275.0,2102.0,21722.0,Consumer Discretionary
3804,HEROMOTOCO,Mar 2015,8.58,87.22,36.15,0.02,73.94,2.58,2217.0,0.11,118.0,951.0,51.0,100.0,2186.0,6.51,2.47,2.61,2.0,27538.0,2364.0,24018.0,Consumer Discretionary
3807,HEROMOTOCO,Mar 2018,11.47,83.57,31.09,0.02,48.12,1.87,2159.0,5.72,186.0,951.0,51.0,228.0,4017.0,6.51,2.47,2.61,2.0,32458.0,3722.0,27124.0,Consumer Discretionary
3812,HEROMOTOCO,Mar 2023,8.2,88.0,16.81,0.03,53.04,1.43,2193.0,1.23,141.0,951.0,71.0,568.0,2614.0,6.51,2.47,2.61,2.0,34158.0,2800.0,30060.0,Consumer Discretionary
3820,HINDALCO,Mar 2018,5.28,88.11,11.09,0.95,35.26,0.78,16231.0,4.63,27.0,153.0,4.0,52074.0,10898.0,13.65,27.09,26.93,2.0,115183.0,6083.0,101488.0,Materials
3365,ADANIPOWER,Mar 2023,27.67,26.04,35.91,1.42,4.29,0.45,9976.0,3.98,28.0,145.0,0.0,42350.0,8431.0,15.6,,,2.0,38773.0,10727.0,10096.0,Energy
4449,TVSMOTOR,Mar 2016,3.77,7.2,23.58,0.6,13.03,2.21,331.0,5.32,9.0,,28.0,1091.0,936.0,17.87,26.48,26.43,2.0,11377.0,429.0,819.0,Consumer Discretionary
3833,HINDUNILVR,Mar 2018,14.71,78.9,71.79,0.0,79.51,1.99,4996.0,2.99,24.0,216.0,83.0,0.0,6059.0,9.51,9.75,8.21,2.0,35545.0,5227.0,28046.0,Consumer Staples
3835,HINDUNILVR,Mar 2020,16.98,75.21,82.1,0.0,70.63,1.97,9414.0,4.5,31.0,216.0,80.0,0.0,7623.0,9.51,9.75,8.21,2.0,39783.0,6756.0,29922.0,Consumer Staples
3852,ICICIBANK,Mar 2024,28.89,62.41,17.99,6.45,1.3,0.07,12547.0,90.74,63.0,365.0,16.0,1651008.0,157284.0,16.31,36.1,36.08,2.0,159516.0,46081.0,99560.0,Financials
3854,ICICIGI,Mar 2013,8.8,104.46,18.88,0.0,7.15,0.32,22.0,23.98,8.0,275.0,0.0,0.0,984.0,15.13,16.09,14.42,2.0,4012.0,353.0,4191.0,Financials
3860,ICICIGI,Mar 2019,9.4,85.05,19.43,0.09,-4754.5,0.33,120.0,25.58,23.0,275.0,26.0,485.0,2976.0,15.13,16.09,14.42,2.0,11163.0,1049.0,9494.0,Financials
3861,ICICIGI,Mar 2020,10.37,84.61,19.47,0.08,650.67,0.31,51.0,29.37,26.0,275.0,13.0,485.0,3433.0,15.13,16.09,14.42,2.0,11517.0,1194.0,9745.0,Financials
3862,ICICIGI,Mar 2021,12.11,82.97,19.38,0.06,842.25,0.31,407.0,11.24,32.0,275.0,25.0,485.0,1774.0,15.13,16.09,14.42,2.0,12161.0,1473.0,10090.0,Financials
4099,MOTHERSON,Mar 2016,4.77,9.53,40.35,1.38,10.8,1.89,282.0,5.12,3.0,46.0,26.0,6069.0,2188.0,12.49,26.08,24.57,2.0,37216.0,1774.0,3548.0,Consumer Discretionary
4101,MOTHERSON,Mar 2018,4.01,9.11,22.87,1.05,12.78,1.52,70.0,5.67,3.0,46.0,30.0,10374.0,3264.0,12.49,26.08,24.57,2.0,56303.0,2260.0,5128.0,Consumer Discretionary
4104,MOTHERSON,Mar 2021,2.73,7.62,12.49,0.95,9.64,1.2,3165.0,3.29,2.0,46.0,46.0,11930.0,5051.0,12.49,26.08,24.57,2.0,57370.0,1569.0,4370.0,Consumer Discretionary
4105,MOTHERSON,Mar 2022,1.85,7.39,5.74,0.69,9.74,1.14,159.0,3.61,1.0,46.0,34.0,14130.0,2463.0,12.49,26.08,24.57,2.0,63774.0,1182.0,4714.0,Consumer Discretionary
4106,MOTHERSON,Mar 2023,2.12,7.93,7.44,0.61,8.09,1.28,2395.0,2.85,2.0,46.0,29.0,13792.0,4643.0,12.49,26.08,24.57,2.0,78788.0,1670.0,6251.0,Consumer Discretionary
4122,NESTLEIND,Dec 2013,12.27,21.4,47.17,0.5,55.27,1.44,1355.0,4.85,12.0,41.0,42.0,1189.0,1796.0,8.19,9.8,9.1,2.0,9101.0,1117.0,1948.0,Consumer Staples
4123,NESTLEIND,Dec 2014,12.02,20.69,41.77,0.01,151.86,1.69,1212.0,4.38,12.0,41.0,51.0,20.0,1644.0,8.19,9.8,9.1,2.0,9855.0,1185.0,2039.0,Consumer Staples
4129,NESTLEIND,Dec 2020,15.6,23.99,103.12,0.07,20.41,1.69,2133.0,2.4,22.0,41.0,93.0,147.0,2454.0,8.19,9.8,9.1,2.0,13350.0,2082.0,3202.0,Consumer Staples
4131,NESTLEIND,Dec 2022,14.15,21.93,97.23,0.11,24.6,1.88,2345.0,2.32,25.0,41.0,89.0,271.0,2737.0,8.19,9.8,9.1,2.0,16897.0,2391.0,3706.0,Consumer Staples
4096,MOTHERSON,Mar 2013,1.79,5.85,19.75,2.14,7.19,1.99,397.0,4.3,1.0,46.0,26.0,4904.0,1486.0,12.49,26.08,24.57,2.0,25298.0,452.0,1480.0,Consumer Discretionary
4097,MOTHERSON,Mar 2014,3.61,7.88,37.07,1.64,9.21,2.0,1323.0,4.51,2.0,46.0,29.0,4840.0,2695.0,12.49,26.08,24.57,2.0,30414.0,1097.0,2397.0,Consumer Discretionary
4098,MOTHERSON,Mar 2015,3.73,8.21,38.87,1.54,9.61,1.99,546.0,8.21,2.0,46.0,31.0,5131.0,3390.0,12.49,26.08,24.57,2.0,34661.0,1292.0,2844.0,Consumer Discretionary
3864,ICICIGI,Mar 2023,9.67,92.93,16.55,0.0,16.77,0.32,605.0,9.43,35.0,275.0,31.0,35.0,2290.0,15.13,16.09,14.42,2.0,17876.0,1729.0,16612.0,Financials
3868,ICICIPRULI,Mar 2014,7.13,93.13,35.61,0.0,158.07,0.27,3630.0,27.47,11.0,80.0,70.0,0.0,-2382.0,29.84,-1.81,0.0,2.0,21888.0,1561.0,20384.0,Financials
3871,ICICIPRULI,Mar 2017,4.45,95.22,26.26,0.0,277.04,0.3,3434.0,1.84,12.0,80.0,63.0,0.0,4130.0,29.84,-1.81,0.0,2.0,37816.0,1682.0,36010.0,Financials
3882,INDIGO,Mar 2015,9.36,86.33,4939.39,0.15,30.47,228.28,1444.0,6.75,42481.0,97.0,83.0,4.0,2384.0,16.42,,,2.0,13925.0,1304.0,12022.0,Consumer Discretionary
3883,INDIGO,Mar 2016,12.3,80.4,1534.78,0.06,25.23,82.35,1779.0,8.28,55.0,97.0,27.0,8.0,3116.0,16.42,,,2.0,16140.0,1986.0,12976.0,Consumer Discretionary
3906,INFY,Mar 2013,23.37,28.59,24.82,0.0,2780.6,0.87,4451.0,7.24,21.0,218.0,25.0,0.0,7373.0,12.0,10.72,11.43,2.0,40352.0,9429.0,11538.0,Information Technology
3917,INFY,Mar 2024,17.08,23.7,29.79,0.09,87.52,1.13,20117.0,3.31,63.0,218.0,,8359.0,25210.0,12.0,10.72,11.43,2.0,153670.0,26248.0,36425.0,Information Technology
3921,IOC,Mar 2015,1.08,2.35,7.08,0.94,3.91,1.92,35877.0,2.27,3.0,129.0,33.0,64893.0,46092.0,9.5,,,2.0,449507.0,4872.0,10575.0,Energy
3821,HINDALCO,Mar 2019,4.21,88.12,9.56,0.91,102.08,0.86,6521.0,4.18,24.0,153.0,5.0,52415.0,11977.0,13.65,27.09,26.93,2.0,130542.0,5495.0,115031.0,Materials
3382,APOLLOHOSP,Mar 2014,7.23,15.52,10.58,0.45,5.83,0.81,17.0,8.17,23.0,522.0,25.0,1344.0,373.0,12.72,23.16,19.97,2.0,4357.0,315.0,676.0,Healthcare
3825,HINDALCO,Mar 2023,4.52,89.85,10.65,0.64,153.44,1.0,11649.0,3.39,45.0,153.0,7.0,60291.0,19208.0,13.65,27.09,26.93,2.0,223202.0,10097.0,200536.0,Materials
3826,HINDALCO,Mar 2024,4.7,88.95,9.57,0.53,126.47,0.94,9789.0,6.61,45.0,153.0,8.0,56356.0,24056.0,13.65,27.09,26.93,2.0,215962.0,10155.0,192090.0,Materials
3828,HINDUNILVR,Mar 2013,14.22,84.37,134.0,0.01,20.3,2.23,3668.0,0.23,18.0,216.0,104.0,25.0,3605.0,9.51,9.75,8.21,2.0,27004.0,3839.0,22784.0,Consumer Staples
3956,ITC,Mar 2013,24.37,35.49,33.27,0.0,111.79,0.89,3221.0,12.27,6.0,60.0,55.0,102.0,7102.0,8.75,5.96,5.92,2.0,31618.0,7704.0,11221.0,Consumer Staples
3959,ITC,Mar 2016,24.24,37.08,22.26,0.0,205.31,0.76,5878.0,10.0,8.0,60.0,73.0,84.0,9799.0,8.75,5.96,5.92,2.0,39192.0,9501.0,14531.0,Consumer Staples
3977,JINDALSTEL,Mar 2021,12.34,31.62,13.41,0.94,4.08,0.44,10077.0,5.45,36.0,464.0,0.0,29910.0,11961.0,5.69,,,2.0,34579.0,4267.0,10933.0,Materials
3389,APOLLOHOSP,Mar 2021,1.3,10.8,2.98,0.9,2.77,0.93,385.0,8.33,10.0,522.0,29.0,4160.0,1265.0,12.72,23.16,19.97,2.0,10560.0,137.0,1140.0,Healthcare
4057,LTIM,Mar 2013,14.59,22.59,41.97,0.17,42.48,1.65,384.0,5.82,174.0,711.0,54.0,234.0,608.0,27.83,24.65,12.1,2.0,3851.0,562.0,870.0,Information Technology
4058,LTIM,Mar 2014,20.24,23.31,61.86,0.07,44.0,1.85,808.0,3.66,309.0,711.0,55.0,110.0,628.0,27.83,24.65,12.1,2.0,4920.0,996.0,1147.0,Information Technology
4060,LTIM,Mar 2016,14.3,17.58,39.34,0.03,202.5,1.86,818.0,0.68,49.0,711.0,72.0,55.0,858.0,27.83,24.65,12.1,2.0,5846.0,836.0,1028.0,Information Technology
4061,LTIM,Mar 2017,14.94,18.92,30.88,0.0,472.33,1.47,209.0,14.78,57.0,711.0,29.0,0.0,1170.0,27.83,24.65,12.1,2.0,6501.0,971.0,1230.0,Information Technology
4065,LTIM,Mar 2021,15.67,22.03,26.53,0.11,37.96,1.16,743.0,13.4,111.0,711.0,36.0,798.0,2400.0,27.83,24.65,12.1,2.0,12370.0,1938.0,2725.0,Information Technology
4066,LTIM,Mar 2022,15.13,20.1,27.65,0.02,48.9,1.27,1608.0,6.29,225.0,711.0,41.0,258.0,3251.0,27.83,24.65,12.1,2.0,26109.0,3950.0,5249.0,Information Technology
4079,M&M,Mar 2022,8.04,16.28,15.39,1.65,3.56,0.52,5996.0,3.61,53.0,567.0,20.0,77605.0,9248.0,14.12,,148.62,2.0,90171.0,7253.0,14683.0,Consumer Discretionary
4083,MARUTI,Mar 2013,5.58,9.84,12.98,0.08,26.05,1.61,940.0,7.04,82.0,2835.0,10.0,1569.0,4059.0,13.93,19.82,18.86,2.0,44304.0,2470.0,4361.0,Consumer Discretionary
3391,APOLLOHOSP,Mar 2023,5.08,12.43,13.62,0.7,5.62,1.15,520.0,5.16,57.0,522.0,26.0,4332.0,1377.0,12.72,23.16,19.97,2.0,16612.0,844.0,2065.0,Healthcare
3394,ASIANPAINT,Mar 2013,11.04,16.54,34.28,0.07,44.07,1.55,724.0,4.41,12.0,188.0,40.0,251.0,1187.0,11.5,10.79,11.38,2.0,10504.0,1160.0,1737.0,Materials
3395,ASIANPAINT,Mar 2014,10.34,16.4,31.27,0.06,44.33,1.51,816.0,4.8,13.0,188.0,42.0,249.0,1402.0,11.5,10.79,11.38,2.0,12220.0,1263.0,2004.0,Materials
3397,ASIANPAINT,Mar 2016,12.63,19.09,27.63,0.05,59.96,1.35,1377.0,6.07,18.0,188.0,41.0,323.0,2243.0,11.5,10.79,11.38,2.0,14271.0,1803.0,2725.0,Materials
3979,JINDALSTEL,Mar 2023,7.47,18.68,10.27,0.34,6.5,0.77,3257.0,7.69,31.0,464.0,6.0,13046.0,7347.0,5.69,,,2.0,53212.0,3974.0,9942.0,Materials
3987,JSWENERGY,Mar 2015,14.53,38.77,18.06,1.24,3.36,0.48,2972.0,4.51,8.0,160.0,24.0,9294.0,3394.0,6.65,12.96,9.46,2.0,9347.0,1358.0,3624.0,Energy
3991,JSWENERGY,Mar 2019,7.49,31.24,5.79,0.89,2.73,0.35,2436.0,0.6,4.0,160.0,24.0,10555.0,2491.0,6.65,12.96,9.46,2.0,9138.0,684.0,2855.0,Energy
3992,JSWENERGY,Mar 2020,13.07,35.74,9.28,0.84,3.17,0.33,2383.0,3.64,7.0,160.0,15.0,9840.0,2082.0,6.65,12.96,9.46,2.0,8273.0,1081.0,2957.0,Energy
3993,JSWENERGY,Mar 2021,11.89,42.08,5.67,0.58,3.53,0.26,2670.0,14.88,5.0,160.0,41.0,8371.0,3700.0,6.65,12.96,9.46,2.0,6922.0,823.0,2913.0,Energy
3994,JSWENERGY,Mar 2022,21.34,43.74,10.01,0.51,5.34,0.27,1565.0,16.98,11.0,160.0,19.0,8943.0,2952.0,6.65,12.96,9.46,2.0,8167.0,1743.0,3572.0,Energy
4002,JSWSTEEL,Mar 2017,6.24,22.14,15.31,1.91,3.27,0.63,2794.0,9.16,15.0,326.0,19.0,43334.0,7888.0,18.35,-3.31,-3.81,2.0,55604.0,3467.0,12308.0,Materials
4003,JSWSTEEL,Mar 2018,8.5,20.74,21.83,1.41,3.98,0.78,7850.0,6.3,26.0,326.0,16.0,39393.0,12379.0,18.35,-3.31,-3.81,2.0,71933.0,6113.0,14916.0,Materials
3922,IOC,Mar 2016,3.59,6.37,13.8,0.65,7.82,1.49,12014.0,3.93,8.0,129.0,28.0,58552.0,25624.0,9.5,,,2.0,346045.0,12413.0,22038.0,Energy
3399,ASIANPAINT,Mar 2018,12.47,19.04,24.95,0.06,86.34,1.22,557.0,9.25,21.0,188.0,41.0,533.0,2113.0,11.5,10.79,11.38,2.0,16825.0,2098.0,3204.0,Materials
3401,ASIANPAINT,Mar 2020,13.73,20.57,27.38,0.11,44.24,1.25,2520.0,2.56,28.0,188.0,43.0,1118.0,3038.0,11.5,10.79,11.38,2.0,20211.0,2774.0,4157.0,Materials
3402,ASIANPAINT,Mar 2021,14.77,22.36,25.04,0.09,56.39,1.07,3142.0,2.49,33.0,188.0,55.0,1093.0,3683.0,11.5,10.79,11.38,2.0,21713.0,3207.0,4856.0,Materials
3416,AXISBANK,Mar 2014,20.29,31.47,16.19,8.68,1.3,0.08,298.0,46.23,26.0,509.0,15.0,333280.0,14464.0,14.01,74.58,69.92,2.0,30641.0,6218.0,9644.0,Financials
3932,IRCTC,Mar 2015,12.37,14.35,29.5,0.0,,0.91,23.0,4.34,13.0,44.0,20.0,0.0,69.0,14.5,18.53,20.11,2.0,1059.0,131.0,152.0,Consumer Discretionary
3940,IRCTC,Mar 2023,28.41,36.04,40.6,0.03,89.0,0.7,495.0,8.95,13.0,44.0,44.0,84.0,812.0,14.5,18.53,20.11,2.0,3541.0,1006.0,1276.0,Consumer Discretionary
3941,IRCTC,Mar 2024,26.02,34.33,34.4,0.02,82.74,0.7,667.0,5.04,14.0,44.0,47.0,60.0,882.0,14.5,18.53,20.11,2.0,4270.0,1111.0,1466.0,Consumer Discretionary
4345,TATAMOTORS,Mar 2016,4.28,14.06,14.79,0.88,7.31,1.04,1206.0,13.44,40.0,275.0,1.0,69360.0,37900.0,11.01,,,2.0,273046.0,11678.0,38395.0,Consumer Discretionary
4427,TORNTPHARM,Mar 2020,12.91,27.33,21.25,1.2,5.08,0.57,1622.0,2.88,30.0,222.0,53.0,5784.0,1393.0,7.32,12.68,12.89,2.0,7939.0,1025.0,2170.0,Healthcare
4353,TATAMOTORS,Mar 2024,7.26,13.6,37.46,1.26,6.53,1.19,45133.0,5.2,94.0,275.0,7.0,107262.0,67915.0,11.01,,,2.0,437928.0,31807.0,59538.0,Consumer Discretionary
4429,TORNTPHARM,Mar 2022,9.13,28.57,13.05,0.68,8.4,0.66,1607.0,2.3,23.0,222.0,105.0,4070.0,1803.0,7.32,12.68,12.89,2.0,8508.0,777.0,2431.0,Healthcare
4325,SUNPHARMA,Mar 2022,8.77,26.54,7.06,0.03,53.17,0.55,3429.0,14.37,14.0,288.0,73.0,1290.0,8985.0,8.91,21.65,23.52,2.0,38654.0,3389.0,10258.0,Healthcare
4004,JSWSTEEL,Mar 2019,8.88,22.33,21.62,1.36,4.88,0.74,3246.0,13.43,32.0,326.0,16.0,47396.0,14633.0,18.35,-3.31,-3.81,2.0,84757.0,7524.0,18930.0,Materials
4006,JSWSTEEL,Mar 2021,9.86,25.27,16.84,1.33,5.22,0.54,11087.0,9.65,33.0,326.0,25.0,62392.0,18789.0,18.35,-3.31,-3.81,2.0,79839.0,7873.0,20178.0,Materials
4007,JSWSTEEL,Mar 2022,14.3,26.72,31.11,1.07,8.2,0.74,11522.0,10.08,85.0,326.0,25.0,72237.0,26270.0,18.35,-3.31,-3.81,2.0,146371.0,20938.0,39114.0,Materials
4024,LICI,Mar 2019,0.46,1.04,324.32,332.59,,0.17,22910.0,1.69,,154.0,2.0,269401.0,13274.0,7.37,72.56,,2.0,571508.0,2627.0,5920.0,Financials
4025,LICI,Mar 2020,0.43,-1.11,270.46,252.91,,0.18,13952.0,6.44,,154.0,2.0,253414.0,54367.0,7.37,72.56,,2.0,628043.0,2710.0,-6947.0,Financials
4329,TATACONSUM,Mar 2013,6.05,10.47,9.25,0.29,9.83,0.84,197.0,0.33,6.0,193.0,36.0,1389.0,173.0,11.08,20.53,19.14,2.0,7351.0,445.0,770.0,Consumer Staples
4038,LODHA,Mar 2020,5.96,15.41,16.3,4.05,2.75,0.31,3954.0,1.46,9.0,183.0,0.0,18423.0,3772.0,1.76,27.61,22.67,2.0,12443.0,742.0,1917.0,Real Estate
4040,LODHA,Mar 2022,13.08,23.68,9.98,0.95,3.6,0.24,3137.0,12.34,12.0,183.0,20.0,11537.0,1998.0,1.76,27.61,22.67,2.0,9233.0,1208.0,2186.0,Real Estate
4041,LODHA,Mar 2023,5.17,21.8,3.87,0.72,2.13,0.24,4539.0,18.89,5.0,183.0,14.0,9060.0,2750.0,1.76,27.61,22.67,2.0,9470.0,490.0,2064.0,Real Estate
4330,TATACONSUM,Mar 2014,6.59,9.72,8.72,0.25,10.6,0.78,421.0,0.01,7.0,193.0,29.0,1438.0,422.0,11.08,20.53,19.14,2.0,7738.0,510.0,752.0,Consumer Staples
3326,ADANIENT,Mar 2019,1.25,4.88,3.43,0.76,1.52,0.95,5723.0,6.16,7.0,363.0,6.0,11243.0,3236.0,18.71,42.38,37.42,2.0,40379.0,506.0,1969.0,Industrials
4360,TATAPOWER,Mar 2018,9.73,8.55,15.92,2.96,2.36,0.33,4852.0,5.63,9.0,105.0,15.0,48589.0,6364.0,16.86,27.32,24.57,2.0,26840.0,2611.0,2295.0,Energy
3327,ADANIENT,Mar 2020,2.4,5.29,6.14,0.73,2.01,0.93,1372.0,2.49,10.0,363.0,10.0,12419.0,2454.0,18.71,42.38,37.42,2.0,43403.0,1040.0,2294.0,Industrials
3344,ADANIPORTS,Mar 2015,37.78,63.43,21.59,1.65,3.9,0.19,572.0,40.39,11.0,265.0,10.0,17776.0,3057.0,19.09,20.82,18.82,2.0,6152.0,2324.0,3902.0,Industrials
3346,ADANIPORTS,Mar 2017,46.24,64.2,22.26,1.27,5.78,0.19,1434.0,31.15,19.0,265.0,7.0,22214.0,4063.0,19.09,20.82,18.82,2.0,8439.0,3902.0,5418.0,Industrials
3347,ADANIPORTS,Mar 2018,32.59,63.21,17.65,1.07,5.07,0.24,1762.0,33.97,18.0,265.0,11.0,22370.0,5608.0,19.09,20.82,18.82,2.0,11323.0,3690.0,7157.0,Industrials
4331,TATACONSUM,Mar 2015,3.42,9.91,4.97,0.24,8.72,0.85,211.0,2.59,4.0,193.0,6.0,1324.0,418.0,11.08,20.53,19.14,2.0,7993.0,273.0,792.0,Consumer Staples
3364,ADANIPOWER,Mar 2022,17.73,35.66,26.61,2.66,3.37,0.34,11007.0,2.79,13.0,145.0,0.0,49145.0,10233.0,15.6,,,2.0,27711.0,4912.0,9881.0,Energy
4389,TCS,Mar 2021,19.83,28.35,37.67,0.09,76.08,1.26,30846.0,4.85,88.0,281.0,43.0,7795.0,38802.0,9.94,8.6,9.44,2.0,164177.0,32562.0,46546.0,Information Technology
4332,TATACONSUM,Mar 2016,-0.56,5.51,-0.59,0.22,3.45,0.67,261.0,2.18,0.0,193.0,-999.0,1354.0,116.0,11.08,20.53,19.14,2.0,6637.0,-37.0,366.0,Consumer Staples
4333,TATACONSUM,Mar 2017,6.71,11.67,7.26,0.13,20.44,0.71,886.0,2.14,6.0,193.0,38.0,787.0,741.0,11.08,20.53,19.14,2.0,6780.0,455.0,791.0,Consumer Staples
4336,TATACONSUM,Mar 2020,4.77,13.41,3.33,0.11,16.36,0.52,460.0,6.45,5.0,193.0,54.0,1586.0,1082.0,11.08,20.53,19.14,2.0,9637.0,460.0,1292.0,Consumer Staples
4338,TATACONSUM,Mar 2022,8.17,13.84,6.7,0.09,20.77,0.59,199.0,10.6,10.0,193.0,60.0,1412.0,1516.0,11.08,20.53,19.14,2.0,12425.0,1015.0,1719.0,Consumer Staples
3428,BAJAJ-AUTO,Mar 2013,15.65,18.26,38.85,0.01,4446.0,1.58,824.0,6.96,108.0,1109.0,42.0,116.0,2218.0,10.32,7.18,7.88,2.0,20025.0,3133.0,3656.0,Consumer Discretionary
4407,TITAN,Mar 2013,7.16,10.02,36.8,0.0,21.82,1.72,411.0,1.4,8.0,110.0,26.0,0.0,553.0,20.94,16.78,16.83,2.0,10123.0,725.0,1014.0,Consumer Discretionary
4412,TITAN,Mar 2018,6.84,10.2,21.65,0.33,32.34,1.69,47.0,0.61,13.0,110.0,29.0,1691.0,-51.0,20.94,16.78,16.83,2.0,16120.0,1102.0,1644.0,Consumer Discretionary
3295,ABB,Dec 2012,8.77,12.22,22.41,0.0,,1.82,42.0,3.57,68.0,1657.0,25.0,0.0,101.0,8.19,16.73,16.74,2.0,1653.0,145.0,202.0,Industrials
3318,ADANIENSOL,Mar 2024,7.2,34.39,9.46,2.93,2.28,0.28,1095.0,29.76,10.0,175.0,0.0,37070.0,6038.0,14.12,-3.56,-3.04,1.0,16607.0,1196.0,5711.0,Energy
3321,ADANIENT,Mar 2014,4.82,17.08,11.14,3.03,1.85,0.47,221.0,14.57,20.0,363.0,7.0,71980.0,8228.0,18.71,42.38,37.42,1.0,54947.0,2646.0,9383.0,Industrials
3323,ADANIENT,Mar 2016,2.94,4.95,7.47,1.43,2.01,0.82,3287.0,5.37,9.0,363.0,4.0,19169.0,5112.0,18.71,42.38,37.42,1.0,34008.0,1000.0,1684.0,Industrials
3339,ADANIGREEN,Mar 2023,12.51,63.91,13.32,7.42,1.94,0.12,3408.0,49.6,6.0,67.0,0.0,54223.0,7265.0,33.43,,,1.0,7776.0,973.0,4970.0,Energy
3351,ADANIPORTS,Mar 2022,28.93,55.66,11.84,1.15,4.47,0.17,4927.0,32.09,23.0,265.0,22.0,47935.0,10420.0,19.09,20.82,18.82,1.0,17119.0,4953.0,9528.0,Industrials
3357,ADANIPOWER,Mar 2015,-4.37,25.04,-14.25,7.82,1.21,0.32,1087.0,25.35,-3.0,145.0,0.0,44742.0,5824.0,15.6,,,1.0,18683.0,-816.0,4678.0,Energy
3358,ADANIPOWER,Mar 2016,2.17,34.68,7.38,7.06,1.55,0.33,2565.0,10.61,2.0,145.0,0.0,52729.0,5257.0,15.6,,,1.0,25377.0,551.0,8802.0,Energy
3361,ADANIPOWER,Mar 2019,-4.12,20.86,-12.76,6.09,1.31,0.35,4626.0,4.12,-3.0,145.0,0.0,46980.0,5610.0,15.6,,,1.0,23884.0,-984.0,4983.0,Energy
3363,ADANIPOWER,Mar 2021,4.84,33.13,9.69,4.01,2.08,0.33,4826.0,8.34,3.0,145.0,0.0,52519.0,7014.0,15.6,,,1.0,26221.0,1270.0,8688.0,Energy
4436,TRENT,Mar 2016,3.26,5.34,3.76,0.27,3.67,0.78,11.0,5.81,2.0,132.0,54.0,400.0,109.0,33.94,76.37,76.23,1.0,1686.0,55.0,90.0,Consumer Discretionary
4437,TRENT,Mar 2017,4.69,7.4,5.49,0.25,4.67,0.82,58.0,2.43,3.0,132.0,39.0,392.0,102.0,33.94,76.37,76.23,1.0,1812.0,85.0,134.0,Consumer Discretionary
3983,JIOFIN,Mar 2024,86.52,84.04,1.15,0.0,198.8,0.01,763.0,77.68,3.0,216.0,0.0,0.0,-678.0,,,,1.0,1855.0,1605.0,1559.0,Financials
3982,JIOFIN,Mar 2023,68.89,86.67,0.03,0.01,,0.0,945.0,2466.67,,216.0,0.0,743.0,2055.0,,,,1.0,45.0,31.0,39.0,Financials
4039,LODHA,Mar 2021,0.88,25.38,1.04,3.96,1.09,0.14,2944.0,7.71,1.0,183.0,0.0,18193.0,2524.0,1.76,27.61,22.67,1.0,5449.0,48.0,1383.0,Real Estate
4035,LODHA,Mar 2017,7.37,20.36,14.48,4.01,2.99,0.23,295.0,14.81,13.0,183.0,0.0,16183.0,1469.0,1.76,27.61,22.67,1.0,7926.0,584.0,1614.0,Real Estate
3990,JSWENERGY,Mar 2018,1.06,33.71,0.77,1.07,1.9,0.3,3719.0,2.67,0.0,160.0,0.0,11883.0,3934.0,6.65,12.96,9.46,1.0,8049.0,85.0,2713.0,Energy
3989,JSWENERGY,Mar 2017,7.54,40.23,6.01,1.38,2.1,0.29,3091.0,9.22,4.0,160.0,13.0,14349.0,3853.0,6.65,12.96,9.46,1.0,8263.0,623.0,3324.0,Energy
3986,JSWENERGY,Mar 2014,8.79,37.64,11.57,1.54,2.55,0.45,1906.0,4.2,5.0,160.0,43.0,10106.0,2269.0,6.65,12.96,9.46,1.0,8648.0,760.0,3255.0,Energy
3985,JSWENERGY,Mar 2013,10.16,31.58,14.52,1.67,2.92,0.44,781.0,10.64,6.0,160.0,36.0,10377.0,1725.0,6.65,12.96,9.46,1.0,8870.0,901.0,2801.0,Energy
3887,INDIGO,Mar 2020,-0.69,88.62,-138.55,0.42,20.7,84.73,2370.0,12.79,-6.0,97.0,0.0,75.0,6943.0,16.42,,,1.0,35756.0,-248.0,31687.0,Consumer Discretionary
3976,JINDALSTEL,Mar 2020,-1.05,18.01,-1.24,1.15,1.83,0.42,7338.0,3.89,-1.0,464.0,0.0,36824.0,8814.0,5.69,,,1.0,37923.0,-400.0,6831.0,Materials
3863,ICICIGI,Mar 2022,7.93,93.66,13.83,0.03,18.56,0.32,944.0,0.84,26.0,275.0,35.0,255.0,809.0,15.13,16.09,14.42,1.0,16026.0,1271.0,15010.0,Financials
3878,ICICIPRULI,Mar 2024,0.94,102.03,7.73,0.11,31.02,0.3,105.0,8.22,6.0,80.0,10.0,1200.0,-7315.0,29.84,-1.81,0.0,1.0,90307.0,851.0,92136.0,Financials
3998,JSWSTEEL,Mar 2013,2.43,17.04,5.44,1.27,3.15,0.66,411.0,14.22,4.0,326.0,30.0,21625.0,5844.0,18.35,-3.31,-3.81,1.0,38210.0,929.0,6512.0,Materials
3972,JINDALSTEL,Mar 2016,-15.86,17.65,-9.52,1.44,1.03,0.21,2071.0,11.62,-32.0,464.0,0.0,46797.0,4333.0,5.69,,,1.0,19469.0,-3087.0,3437.0,Materials
3974,JINDALSTEL,Mar 2018,-4.85,19.43,-5.32,1.41,1.52,0.37,6293.0,4.3,-15.0,464.0,0.0,42962.0,7724.0,5.69,,,1.0,33286.0,-1616.0,6469.0,Materials
3975,JINDALSTEL,Mar 2019,-5.14,17.91,-7.52,1.23,1.63,0.53,8195.0,1.77,-17.0,464.0,0.0,39559.0,9027.0,5.69,,,1.0,46966.0,-2412.0,8412.0,Materials
3897,INDUSINDBK,Mar 2017,19.91,39.46,13.89,7.22,1.36,0.08,11284.0,1.98,48.0,807.0,13.0,149026.0,11569.0,11.23,12.95,10.2,1.0,14406.0,2868.0,5684.0,Financials
3888,INDIGO,Mar 2021,-42.15,99.98,-1094.15,0.02,14.13,18.05,1608.0,22.05,-151.0,97.0,0.0,9.0,-1620.0,16.42,,,1.0,14641.0,-6171.0,14638.0,Consumer Discretionary
3901,INDUSINDBK,Mar 2021,9.78,55.16,6.54,7.09,2.44,0.08,44420.0,0.78,37.0,807.0,14.0,307528.0,44646.0,11.23,12.95,10.2,1.0,29000.0,2836.0,15997.0,Financials
3849,ICICIBANK,Mar 2021,22.84,102.41,12.92,7.0,1.26,0.06,74384.0,71.36,27.0,365.0,8.0,1103840.0,138015.0,16.31,36.1,36.08,1.0,89163.0,20364.0,91309.0,Financials
3845,ICICIBANK,Mar 2017,18.61,104.76,10.84,6.7,1.22,0.06,50925.0,2.81,16.0,365.0,14.0,700874.0,52636.0,16.31,36.1,36.08,1.0,60940.0,11340.0,63841.0,Financials
3844,ICICIBANK,Mar 2016,18.43,88.12,11.61,7.13,1.24,0.06,11585.0,20.34,16.0,365.0,29.0,671455.0,23645.0,16.31,36.1,36.08,1.0,59294.0,10927.0,52252.0,Financials
3920,IOC,Mar 2014,1.43,3.53,10.26,1.4,3.75,1.84,5601.0,3.81,5.0,129.0,30.0,94916.0,24195.0,9.5,,,1.0,488345.0,6967.0,17222.0,Energy
3919,IOC,Mar 2013,0.79,3.0,5.75,1.42,2.42,1.91,46.0,2.01,3.0,129.0,36.0,89671.0,9340.0,9.5,,,1.0,461780.0,3627.0,13861.0,Energy
3728,GRASIM,Mar 2016,10.02,17.14,12.6,0.46,10.07,0.58,1353.0,13.09,51.0,1411.0,9.0,12505.0,5868.0,14.97,5.54,0.61,1.0,34487.0,3455.0,5911.0,Industrials
3705,GAIL,Mar 2019,8.6,13.04,14.24,0.05,73.31,1.11,2283.0,7.48,10.0,127.0,25.0,2224.0,7984.0,13.41,3.94,5.15,1.0,76190.0,6553.0,9938.0,Energy
4158,NTPC,Mar 2023,9.72,27.01,11.65,1.52,4.38,0.39,21007.0,14.84,17.0,174.0,42.0,222913.0,47152.0,11.17,13.63,13.9,1.0,176207.0,17121.0,47596.0,Energy
4159,NTPC,Mar 2024,11.95,28.83,13.27,1.48,4.6,0.37,8644.0,18.01,21.0,174.0,36.0,237131.0,40785.0,11.17,13.63,13.9,1.0,178501.0,21332.0,51456.0,Energy
3701,GAIL,Mar 2015,5.22,9.3,9.29,0.54,10.09,0.87,1405.0,4.64,5.0,127.0,24.0,18291.0,4214.0,13.41,3.94,5.15,1.0,60557.0,3160.0,5631.0,Energy
3850,ICICIBANK,Mar 2022,27.82,84.69,14.58,6.88,1.3,0.05,18663.0,41.35,36.0,365.0,14.0,1252968.0,58111.0,16.31,36.1,36.08,1.0,95407.0,26538.0,80798.0,Financials
4109,NAUKRI,Mar 2013,16.1,25.64,12.5,0.0,48.33,0.57,29.0,9.75,8.0,3225.0,12.0,1.0,75.0,15.2,,,1.0,472.0,76.0,121.0,Communication Services
4119,NAUKRI,Mar 2023,-2.98,14.83,-0.52,0.01,12.89,0.14,154.0,15.26,-8.0,3225.0,-228.0,108.0,512.0,15.2,,,1.0,2346.0,-70.0,348.0,Communication Services
3778,HDFCBANK,Mar 2014,20.6,31.74,19.85,9.43,1.63,0.08,3112.0,2.58,18.0,601.0,19.0,416677.0,4211.0,21.91,21.46,12.72,1.0,42555.0,8768.0,13508.0,Financials
3781,HDFCBANK,Mar 2017,20.9,32.56,16.69,8.08,1.85,0.08,16136.0,1.56,30.0,601.0,18.0,741550.0,17282.0,21.91,21.46,12.72,1.0,73271.0,15317.0,23856.0,Financials
3785,HDFCBANK,Mar 2021,24.78,40.81,15.18,7.2,1.92,0.07,40653.0,1.42,58.0,601.0,11.0,1511418.0,42476.0,21.91,21.46,12.72,1.0,128552.0,31857.0,52457.0,Financials
3817,HINDALCO,Mar 2015,0.25,91.52,0.68,1.79,-114.72,0.74,3270.0,3.71,4.0,153.0,24.0,68468.0,7143.0,13.65,27.09,26.93,1.0,104281.0,259.0,95437.0,Materials
3819,HINDALCO,Mar 2017,1.88,87.71,4.09,1.39,73.35,0.69,9811.0,2.87,8.0,153.0,13.0,63817.0,12687.0,13.65,27.09,26.93,1.0,100184.0,1882.0,87867.0,Materials
3818,HINDALCO,Mar 2016,-0.71,92.12,-1.73,1.66,60.66,0.7,8468.0,3.26,-1.0,153.0,-82.0,67552.0,11688.0,13.65,27.09,26.93,1.0,98759.0,-702.0,90981.0,Materials
4157,NTPC,Mar 2022,12.78,30.42,12.53,1.56,4.82,0.32,18897.0,17.25,17.0,174.0,41.0,210707.0,41788.0,11.17,13.63,13.9,1.0,132669.0,16960.0,40362.0,Energy
3734,GRASIM,Mar 2022,11.71,21.35,14.8,0.99,4.62,0.33,5985.0,1.1,111.0,1411.0,9.0,74744.0,7038.0,14.97,5.54,0.61,1.0,95701.0,11206.0,20431.0,Industrials
3668,DMART,Mar 2021,4.55,7.23,9.02,0.03,46.17,1.77,265.0,4.6,17.0,309.0,0.0,393.0,1375.0,18.13,15.89,16.0,1.0,24143.0,1099.0,1745.0,Consumer Discretionary
3729,GRASIM,Mar 2017,11.77,20.48,13.53,0.29,12.06,0.57,3779.0,9.73,66.0,1411.0,8.0,9213.0,7288.0,14.97,5.54,0.61,1.0,36068.0,4246.0,7387.0,Industrials
3722,GODREJCP,Mar 2023,12.78,18.35,12.34,0.08,13.6,0.76,397.0,13.17,17.0,119.0,0.0,1130.0,2151.0,7.38,,,1.0,13316.0,1702.0,2443.0,Consumer Staples
3726,GRASIM,Mar 2014,10.43,17.35,13.67,0.45,12.28,0.59,1213.0,8.25,44.0,1411.0,9.0,9681.0,3549.0,14.97,5.54,0.61,1.0,28331.0,2954.0,4915.0,Industrials
3670,DMART,Mar 2023,5.55,8.49,14.79,0.04,56.22,2.37,317.0,5.4,37.0,309.0,0.0,643.0,2630.0,18.13,15.89,16.0,1.0,42840.0,2378.0,3639.0,Consumer Discretionary
3702,GAIL,Mar 2016,3.6,8.71,5.15,0.25,6.41,0.88,3056.0,1.74,3.0,127.0,37.0,9052.0,3960.0,13.41,3.94,5.15,1.0,52053.0,1874.0,4536.0,Energy
3703,GAIL,Mar 2017,6.95,12.4,8.58,0.17,14.21,0.83,5690.0,0.69,5.0,127.0,56.0,6553.0,6024.0,13.41,3.94,5.15,1.0,48552.0,3374.0,6021.0,Energy
3704,GAIL,Mar 2018,8.82,14.32,11.53,0.09,29.66,0.89,6109.0,4.88,7.0,127.0,43.0,3876.0,8769.0,13.41,3.94,5.15,1.0,54496.0,4805.0,7802.0,Energy
3573,CANBK,Mar 2017,3.4,37.85,4.07,15.42,2.0,0.07,2099.0,1.15,5.0,102.0,4.0,534858.0,2575.0,19.13,,,1.0,41457.0,1411.0,15691.0,Financials
3570,CANBK,Mar 2014,6.75,24.35,8.85,14.84,2.32,0.08,13864.0,0.96,10.0,102.0,19.0,447913.0,14244.0,19.13,,,1.0,39570.0,2672.0,9636.0,Financials
3569,CANBK,Mar 2013,8.79,21.18,11.9,14.94,2.18,0.08,7575.0,1.28,12.0,102.0,19.0,376040.0,8010.0,19.13,,,1.0,34070.0,2995.0,7217.0,Financials
4230,RECLTD,Mar 2017,25.94,92.24,18.75,4.99,1.67,0.12,6704.0,0.41,24.0,279.0,30.0,167852.0,6805.0,11.45,24.52,24.57,1.0,24338.0,6313.0,22450.0,Financials
3647,DLF,Mar 2013,8.58,33.87,2.59,1.03,1.69,0.12,4004.0,25.67,4.0,163.0,48.0,26600.0,2009.0,2.85,,,1.0,7773.0,667.0,2633.0,Real Estate
3700,GAIL,Mar 2014,7.75,12.93,14.75,0.57,13.8,0.92,149.0,7.23,7.0,127.0,28.0,18537.0,4615.0,13.41,3.94,5.15,1.0,61765.0,4786.0,7988.0,Energy
3695,EICHERMOT,Mar 2022,16.28,21.15,13.3,0.01,140.74,0.64,544.0,9.55,61.0,693.0,34.0,108.0,1527.0,13.3,18.49,18.42,1.0,10298.0,1677.0,2178.0,Consumer Discretionary
3671,DMART,Mar 2024,4.99,8.08,13.56,0.03,73.29,2.4,278.0,4.86,39.0,309.0,0.0,592.0,2746.0,18.13,15.89,16.0,1.0,50789.0,2536.0,4106.0,Consumer Discretionary
4375,TATASTEEL,Mar 2020,0.84,12.49,1.6,1.58,1.94,0.56,6157.0,10.02,1.0,72.0,74.0,116328.0,20169.0,9.59,16.57,14.87,1.0,139817.0,1174.0,17463.0,Materials
4376,TATASTEEL,Mar 2021,5.24,19.52,11.03,1.19,4.03,0.64,34890.0,6.04,6.0,72.0,40.0,88501.0,44327.0,9.59,16.57,14.87,1.0,156294.0,8190.0,30504.0,Materials
4441,TRENT,Mar 2021,-6.98,4.4,-7.83,0.13,1.2,0.45,303.0,0.69,-4.0,132.0,-15.0,300.0,285.0,33.94,76.37,76.23,1.0,2593.0,-181.0,114.0,Consumer Discretionary
4443,TRENT,Mar 2023,4.78,13.52,15.18,1.72,3.56,1.02,492.0,1.25,13.0,132.0,18.0,4464.0,595.0,33.94,76.37,76.23,1.0,8242.0,394.0,1114.0,Consumer Discretionary
3316,ADANIENSOL,Mar 2022,10.98,37.36,12.47,3.02,2.32,0.24,161.0,34.96,11.0,175.0,0.0,29902.0,4097.0,14.12,-3.56,-3.04,1.0,11258.0,1236.0,4206.0,Energy
4366,TATAPOWER,Mar 2024,6.97,17.47,13.23,1.66,3.05,0.44,3569.0,14.69,12.0,105.0,17.0,53689.0,12596.0,16.86,27.32,24.57,1.0,61449.0,4280.0,10735.0,Energy
4368,TATASTEEL,Mar 2013,-5.4,2.94,-21.28,2.01,1.36,0.92,936.0,9.72,-6.0,72.0,-11.0,68529.0,14035.0,9.59,16.57,14.87,1.0,134712.0,-7272.0,3965.0,Materials
4371,TATASTEEL,Mar 2016,-0.49,-0.61,-1.14,1.87,2.3,0.58,2661.0,8.62,0.0,72.0,-203.0,81987.0,11455.0,9.59,16.57,14.87,1.0,101965.0,-497.0,-625.0,Materials
3596,CIPLA,Mar 2014,13.8,78.9,13.97,0.12,32.06,0.76,298.0,12.43,17.0,351.0,12.0,1248.0,1563.0,9.51,27.16,26.69,1.0,10173.0,1404.0,8026.0,Healthcare
3600,CIPLA,Mar 2018,9.35,81.35,9.96,0.29,44.1,0.67,629.0,5.5,18.0,351.0,17.0,4098.0,1463.0,9.51,27.16,26.69,1.0,15156.0,1417.0,12329.0,Healthcare
3602,CIPLA,Mar 2020,8.76,81.29,9.52,0.18,40.54,0.73,3182.0,0.67,19.0,351.0,21.0,2816.0,3068.0,9.51,27.16,26.69,1.0,17132.0,1500.0,13926.0,Healthcare
3603,CIPLA,Mar 2021,12.47,77.8,13.04,0.11,56.12,0.77,1381.0,12.39,30.0,351.0,17.0,2014.0,3755.0,9.51,27.16,26.69,1.0,19160.0,2389.0,14907.0,Healthcare
3604,CIPLA,Mar 2022,11.7,79.08,12.22,0.05,174.06,0.81,1468.0,8.54,31.0,351.0,16.0,1056.0,3326.0,9.51,27.16,26.69,1.0,21763.0,2547.0,17211.0,Healthcare
3605,CIPLA,Mar 2023,12.45,77.91,12.1,0.03,60.57,0.78,862.0,10.44,35.0,351.0,24.0,803.0,3238.0,9.51,27.16,26.69,1.0,22753.0,2833.0,17726.0,Healthcare
3540,BOSCHLTD,Mar 2023,9.54,12.12,12.93,0.0,190.08,0.92,1476.0,1.75,483.0,4319.0,99.0,53.0,1214.0,11.75,26.24,26.3,1.0,14929.0,1424.0,1810.0,Consumer Discretionary
3543,BPCL,Mar 2013,0.8,2.77,11.54,1.98,3.26,3.04,2322.0,1.49,4.0,178.0,42.0,33157.0,5926.0,9.38,30.23,35.52,1.0,242181.0,1936.0,6709.0,Energy
3507,BHARTIARTL,Mar 2016,7.14,35.2,10.32,1.51,4.55,0.43,13851.0,14.6,11.0,153.0,9.0,100646.0,27942.0,12.17,,,1.0,96532.0,6893.0,33984.0,Communication Services
3513,BHARTIARTL,Mar 2022,7.13,49.37,12.48,2.55,3.74,0.32,13539.0,35.59,7.0,153.0,39.0,169678.0,55017.0,12.17,,,1.0,116547.0,8305.0,57534.0,Communication Services
3519,BHEL,Mar 2015,4.63,6.84,4.24,0.06,36.54,0.44,1471.0,2.08,4.0,70.0,20.0,1889.0,821.0,3.78,,,1.0,31323.0,1450.0,2141.0,Industrials
3515,BHARTIARTL,Mar 2024,5.71,52.2,10.36,2.61,3.31,0.34,27809.0,34.06,13.0,153.0,62.0,215592.0,78898.0,12.17,,,1.0,149982.0,8558.0,78292.0,Communication Services
3504,BHARTIARTL,Mar 2013,2.95,29.84,4.5,1.33,5.34,0.49,3932.0,24.27,4.0,153.0,17.0,66736.0,22608.0,12.17,,,1.0,76947.0,2267.0,22960.0,Communication Services
3505,BHARTIARTL,Mar 2014,3.52,30.88,5.05,1.27,5.0,0.47,1052.0,29.33,5.0,153.0,26.0,75896.0,26233.0,12.17,,,1.0,85864.0,3019.0,26512.0,Communication Services
3388,APOLLOHOSP,Mar 2020,3.84,14.15,12.93,1.08,3.4,1.0,1004.0,2.57,33.0,522.0,18.0,3596.0,1293.0,12.72,23.16,19.97,1.0,11247.0,432.0,1591.0,Healthcare
3370,AMBUJACEM,Dec 2014,14.94,19.43,14.77,0.0,35.65,0.72,1219.0,4.58,10.0,205.0,46.0,34.0,1675.0,3.92,6.82,3.4,1.0,9955.0,1487.0,1934.0,Materials
3463,BAJAJHLDNG,Mar 2022,852.48,75.83,9.63,0.0,1421.0,0.01,1459.0,31.2,364.0,5375.0,32.0,114.0,1610.0,31.84,19.44,19.88,1.0,484.0,4126.0,367.0,Financials
3449,BAJAJFINSV,Mar 2021,12.16,32.42,20.56,3.59,2.12,0.22,863.0,6.08,28.0,428.0,1.0,128461.0,4547.0,18.36,22.48,20.34,1.0,60592.0,7367.0,19641.0,Financials
3424,AXISBANK,Mar 2022,19.33,44.47,11.01,8.63,1.97,0.06,1025.0,40.24,42.0,509.0,2.0,1020943.0,28137.0,14.01,74.58,69.92,1.0,67377.0,13025.0,29962.0,Financials
3422,AXISBANK,Mar 2020,2.6,55.98,1.88,9.23,2.26,0.07,20931.0,15.14,6.0,509.0,0.0,797337.0,30416.0,14.01,74.58,69.92,1.0,62635.0,1627.0,35066.0,Financials
4314,SIEMENS,Sep 2023,10.03,12.72,14.99,0.01,129.7,0.9,641.0,3.88,55.0,431.0,18.0,175.0,1400.0,11.19,19.85,19.64,1.0,19554.0,1962.0,2487.0,Industrials
3531,BOSCHLTD,Dec 2013,10.11,14.72,14.06,0.03,,0.98,211.0,9.66,282.0,4319.0,20.0,183.0,1057.0,11.75,26.24,26.3,1.0,8757.0,885.0,1289.0,Consumer Discretionary
3522,BHEL,Mar 2018,1.52,5.73,1.35,0.0,7.07,0.45,1950.0,3.33,1.0,70.0,151.0,110.0,989.0,3.78,,,1.0,28827.0,438.0,1653.0,Industrials
3520,BHEL,Mar 2016,-2.77,-5.32,-2.18,0.01,0.38,0.39,397.0,0.09,-2.0,70.0,-14.0,211.0,374.0,3.78,,,1.0,25505.0,-706.0,-1357.0,Industrials
3310,ADANIENSOL,Mar 2016,16.77,87.83,13.77,3.21,2.09,0.19,728.0,37.19,3.0,175.0,0.0,8585.0,1544.0,14.12,-3.56,-3.04,1.0,2194.0,368.0,1927.0,Energy
4446,TVSMOTOR,Mar 2013,2.64,5.83,22.02,1.19,5.51,2.22,344.0,1.6,4.0,,30.0,1068.0,464.0,17.87,26.48,26.43,1.0,7510.0,198.0,438.0,Consumer Discretionary
3368,AMBUJACEM,Dec 2012,13.25,25.37,14.69,0.01,32.59,0.79,1472.0,3.98,8.0,205.0,43.0,60.0,1860.0,3.92,6.82,3.4,1.0,9749.0,1292.0,2473.0,Materials
4363,TATAPOWER,Mar 2021,4.4,21.16,6.45,2.09,2.17,0.33,9338.0,3.04,4.0,105.0,44.0,46708.0,8345.0,16.86,27.32,24.57,1.0,32703.0,1439.0,6921.0,Energy
4361,TATAPOWER,Mar 2019,8.72,10.27,14.24,2.65,2.46,0.36,4302.0,0.91,9.0,105.0,15.0,48506.0,4574.0,16.86,27.32,24.57,1.0,29881.0,2606.0,3070.0,Energy
4357,TATAPOWER,Mar 2015,1.36,18.76,3.19,2.84,1.99,0.45,2116.0,11.51,1.0,105.0,210.0,40607.0,5981.0,16.86,27.32,24.57,1.0,33593.0,457.0,6301.0,Energy
4356,TATAPOWER,Mar 2014,0.03,19.36,0.1,3.24,2.08,0.5,2874.0,10.1,-1.0,105.0,-114.0,40173.0,6483.0,16.86,27.32,24.57,1.0,35726.0,12.0,6916.0,Energy
4352,TATAMOTORS,Mar 2023,0.78,9.2,5.94,2.96,3.76,1.03,19971.0,4.46,7.0,275.0,32.0,134113.0,35388.0,11.01,,,1.0,345967.0,2690.0,31816.0,Consumer Discretionary
3311,ADANIENSOL,Mar 2017,14.46,68.95,14.12,3.05,2.22,0.22,459.0,60.15,4.0,175.0,0.0,8975.0,2189.0,14.12,-3.56,-3.04,1.0,2876.0,416.0,1983.0,Energy
3733,GRASIM,Mar 2021,9.14,24.39,10.67,1.21,3.45,0.29,7929.0,9.35,63.0,1411.0,14.0,79078.0,15075.0,14.97,5.54,0.61,0.0,76404.0,6987.0,18635.0,Industrials
3788,HDFCBANK,Mar 2024,23.07,61.41,14.34,6.81,1.4,0.07,35669.0,5.85,84.0,601.0,23.0,3107503.0,19069.0,21.91,21.46,12.72,0.0,283649.0,65446.0,174196.0,Financials
4022,KOTAKBANK,Mar 2024,32.39,83.67,14.01,4.0,1.24,0.07,6766.0,15.86,92.0,654.0,2.0,520374.0,15685.0,13.86,21.26,20.22,0.0,56237.0,18213.0,47052.0,Financials
4012,KOTAKBANK,Mar 2014,21.08,58.84,13.24,4.5,1.33,0.1,7938.0,9.43,16.0,654.0,2.0,85937.0,9068.0,13.86,21.26,20.22,0.0,11986.0,2527.0,7053.0,Financials
4015,KOTAKBANK,Mar 2017,22.48,66.44,13.04,5.33,1.27,0.08,7933.0,23.69,27.0,654.0,2.0,205230.0,13222.0,13.86,21.26,20.22,0.0,22324.0,5019.0,14832.0,Financials
4018,KOTAKBANK,Mar 2020,25.67,67.45,12.9,4.9,1.34,0.08,33551.0,39.04,45.0,654.0,0.0,326477.0,46619.0,13.86,21.26,20.22,0.0,33474.0,8593.0,22578.0,Financials
3954,IRFC,Mar 2024,24.06,99.5,13.04,8.38,1.32,0.05,7906.0,0.03,5.0,39.0,31.0,412039.0,7914.0,14.92,15.42,10.76,0.0,26645.0,6412.0,26513.0,Financials
4178,PFC,Mar 2017,8.11,19.13,6.07,5.51,0.32,0.11,1128.0,2.42,7.0,333.0,59.0,202993.0,1795.0,9.56,24.41,23.81,0.0,27581.0,2236.0,5275.0,Financials
4274,SBIN,Mar 2022,12.82,-21.92,,,0.34,,55043.0,0.91,40.0,465.0,18.0,,57695.0,11.72,28.64,29.46,0.0,289973.0,37183.0,-63570.0,Financials
4276,SBIN,Mar 2024,15.83,-13.73,,,0.37,,18156.0,0.79,75.0,465.0,18.0,,21632.0,11.72,28.64,29.46,0.0,439189.0,69543.0,-60297.0,Financials
4268,SBIN,Mar 2016,5.9,-14.68,,,0.14,,11730.0,1.25,16.0,465.0,17.0,,14477.0,11.72,28.64,29.46,0.0,220633.0,13019.0,-32399.0,Financials
4269,SBIN,Mar 2017,-0.04,-27.92,,,0.03,,72834.0,1.98,0.0,465.0,859.0,,77406.0,11.72,28.64,29.46,0.0,230447.0,-97.0,-64334.0,Financials
4271,SBIN,Mar 2019,1.32,-27.1,,,0.06,,29776.0,0.09,3.0,465.0,0.0,,29556.0,11.72,28.64,29.46,0.0,253322.0,3351.0,-68649.0,Financials
4272,SBIN,Mar 2020,7.83,-23.78,,,0.21,,23374.0,0.21,22.0,465.0,0.0,,23929.0,11.72,28.64,29.46,0.0,269852.0,21140.0,-64181.0,Financials
4273,SBIN,Mar 2021,8.59,-25.43,,,0.23,,86249.0,1.32,25.0,465.0,16.0,,89919.0,11.72,28.64,29.46,0.0,278115.0,23888.0,-70715.0,Financials
4266,SBIN,Mar 2014,7.83,-7.73,,,0.19,,18351.0,0.42,19.0,465.0,16.0,,19142.0,11.72,28.64,29.46,0.0,189062.0,14807.0,-14614.0,Financials
4265,SBIN,Mar 2013,11.05,-3.05,,,0.26,,22061.0,1.35,26.0,465.0,16.0,,24332.0,11.72,28.64,29.46,0.0,167976.0,18555.0,-5124.0,Financials
4267,SBIN,Mar 2015,8.57,-10.52,,,0.21,,22873.0,1.65,23.0,465.0,15.0,,26297.0,11.72,28.64,29.46,0.0,207974.0,17832.0,-21879.0,Financials
3487,BANKBARODA,Mar 2022,10.81,51.12,8.64,12.9,2.61,0.05,2565.0,4.97,15.0,231.0,19.0,1185331.0,6210.0,9.49,83.02,81.14,0.0,73385.0,7933.0,37518.0,Financials
3478,BANKBARODA,Mar 2013,13.25,30.05,14.51,15.3,2.43,0.07,22682.0,1.41,23.0,231.0,19.0,509192.0,23196.0,9.49,83.02,81.14,0.0,36442.0,4829.0,10950.0,Financials
3480,BANKBARODA,Mar 2015,8.79,29.98,9.4,15.84,2.47,0.06,17282.0,1.24,18.0,231.0,18.0,665483.0,17838.0,9.49,83.02,81.14,0.0,44915.0,3950.0,13466.0,Financials
3482,BANKBARODA,Mar 2017,4.17,43.28,4.31,15.06,2.42,0.06,17314.0,1.24,8.0,231.0,15.0,648499.0,17865.0,9.49,83.02,81.14,0.0,44473.0,1855.0,19250.0,Financials
3485,BANKBARODA,Mar 2020,1.24,51.44,1.29,14.05,3.33,0.07,18392.0,0.18,2.0,231.0,0.0,1068981.0,18531.0,9.49,83.02,81.14,0.0,78895.0,981.0,40583.0,Financials
